11000	1	1
11000	1	2
11000	1	3
11000	1	4
11000	1	5
11000	1	6
11000	1	7
11000	1	8
11000	1	9
11000	1	10
11000	1	11
11000	1	13
11000	2	1
11000	2	2
11000	2	3
11000	2	4
11000	2	5
11000	2	6
11000	2	7
11000	2	8
11000	2	9
11000	2	10
11000	2	12
11000	2	13
310084	1	1
12504	1	1
12504	1	2
12504	1	3
12504	1	4
12504	1	5
12504	1	6
12504	1	7
12504	1	8
12504	1	9
12504	1	10
12504	1	11
12504	1	12
12504	1	13
12504	1	14
12504	1	15
12504	1	16
12504	1	18
12504	1	19
12504	1	20
12504	1	21
12504	1	22
12504	1	23
12504	1	24
12504	1	25
12504	1	27
12504	1	28
12504	1	29
12504	1	30
12504	1	31
12504	1	32
12504	1	33
12504	1	34
12504	1	35
12504	1	36
12504	1	37
12504	1	38
12504	1	39
12504	1	40
12504	1	41
12504	1	42
12504	1	43
12504	1	44
12504	1	45
12504	1	46
12504	1	47
12504	1	48
12504	1	49
12504	1	50
12504	1	51
12504	1	52
12504	1	53
12504	1	54
12504	1	55
12504	1	56
12504	1	57
12504	1	58
12504	1	60
12504	1	61
12504	1	62
12504	1	63
12504	1	64
12504	1	65
3854	1	1
3854	1	2
3854	1	3
3854	1	4
3854	1	5
3854	1	6
3854	1	7
3854	1	8
3854	1	9
3854	1	10
3854	1	11
3854	1	12
3854	1	13
3854	2	1
3854	2	2
3854	2	3
3854	2	4
3854	2	5
3854	2	6
3854	2	7
3854	2	8
3854	2	9
3854	2	10
3854	2	11
3854	2	12
3854	2	13
255760	1	1
255760	1	2
255760	1	3
255760	1	4
255760	1	5
255760	1	6
255760	1	7
255760	1	8
255760	11	15
211638	1	1
211638	1	2
211638	1	3
211638	1	4
211638	1	5
211638	1	6
211638	1	7
211638	1	8
211638	1	9
211638	1	10
211638	1	11
211638	1	12
211638	1	13
211638	2	1
211638	2	2
211638	2	3
211638	2	4
211638	2	5
211638	2	6
211638	2	7
211638	2	8
211638	2	9
211638	2	10
211638	2	11
211638	2	12
211638	2	13
211638	11	11
3411	1	1
3411	1	2
3411	1	3
3411	1	4
3411	1	5
3411	1	6
3411	1	7
3411	1	8
3411	1	9
3411	1	10
3411	1	11
3411	1	12
101848	1	1
101848	1	2
101848	1	3
101848	1	4
101848	1	5
101848	1	6
101848	1	7
101848	1	8
101848	1	9
101848	1	10
101848	1	11
101848	1	12
101848	1	13
131532	1	1
131532	1	2
131532	1	3
131532	1	4
131532	1	5
131532	1	6
131532	1	7
131532	1	8
131532	1	9
131532	1	10
131532	1	11
131532	1	12
131532	1	13
131532	1	14
131532	1	15
131532	1	16
131532	1	17
131532	1	18
131532	1	19
131532	1	20
131532	1	21
131532	1	22
131532	1	23
131532	1	24
131532	1	25
131532	1	26
131532	2	1
131532	2	2
131532	2	3
131532	2	4
131532	2	5
131532	2	6
131532	2	7
131532	2	8
131532	2	9
131532	2	10
131532	3	1
131532	3	2
131532	3	3
131532	3	4
131532	3	5
131532	3	6
131532	3	7
131532	3	8
131532	3	9
131532	3	10
262700	1	1
262700	1	2
262700	1	3
262700	1	4
262700	1	5
262700	1	6
262700	1	7
262700	1	8
262700	1	9
262700	1	10
262700	1	11
262700	1	12
262700	1	13
262700	1	14
262700	1	15
262700	1	16
262700	1	17
262700	1	18
262700	1	19
262700	1	20
262700	1	21
262700	1	22
262700	1	23
76120	1	1
76120	1	2
76120	1	3
76120	1	4
76120	1	5
76120	1	6
76120	1	7
76120	1	8
76120	1	9
76120	1	10
76120	1	11
76120	1	12
89456	1	1
89456	1	2
89456	1	3
89456	1	4
89456	1	5
89456	1	6
89456	1	7
89456	1	8
89456	1	9
89456	1	10
89456	2	1
89456	2	2
89456	2	3
89456	2	4
89456	2	5
89456	2	6
89456	2	7
89456	2	8
89456	2	9
89456	2	10
89456	3	1
89456	3	2
89456	3	3
89456	3	4
89456	3	5
89456	3	6
89456	3	7
89456	3	8
89456	3	9
89456	3	10
2129	1	1
2129	1	2
2129	1	3
2129	1	4
2129	1	5
2129	1	6
2129	1	7
2129	1	8
2129	1	9
2129	1	10
2129	1	11
2129	1	12
2129	1	13
2129	1	14
2129	1	15
2129	1	16
2129	1	17
2129	1	18
2129	1	19
2129	1	20
2129	2	1
2129	2	2
2129	2	3
2129	2	4
2129	2	5
2129	2	6
2129	2	7
2129	2	8
2129	2	9
2129	2	10
2129	2	11
2129	2	12
2129	2	13
2129	2	14
2129	2	15
2129	2	16
2129	2	17
2129	2	18
2129	2	19
2129	2	20
2129	2	21
2129	3	1
2129	3	2
2129	3	3
2129	3	4
2129	3	5
2129	3	6
2129	3	7
2129	3	8
2129	3	9
2129	3	10
2129	3	11
2129	3	12
2129	3	13
2129	3	14
2129	3	15
2129	3	16
2129	3	17
2129	3	18
2129	3	19
2129	3	20
2129	3	21
2129	3	22
2129	3	23
203949	1	1
203949	1	2
203949	1	3
203949	1	4
203949	1	5
203949	1	6
203949	1	7
203949	1	8
203949	1	9
203949	4	16
304597	1	1
304597	1	2
304597	1	3
304597	1	4
304597	1	5
304597	1	6
304597	1	7
304597	1	8
6549	1	1
6549	1	2
6549	1	3
6549	1	4
6549	1	5
6549	1	6
6549	1	7
6549	1	8
6549	1	9
6549	1	10
6549	1	11
6549	1	12
6549	1	13
6549	1	14
6549	1	15
6549	1	16
6549	1	17
6549	1	18
6549	1	19
6549	1	20
6549	1	21
6549	1	22
6549	1	23
6549	1	24
6549	1	25
6549	1	26
309792	1	1
309792	1	2
309792	1	3
309792	1	4
309792	1	5
309792	1	6
309792	1	7
309792	1	8
73673	1	1
73673	1	2
73673	1	3
73673	1	4
73673	1	5
73673	1	6
73673	1	7
73673	1	8
238843	1	1
238843	1	2
238843	1	3
238843	1	4
238843	1	5
238843	1	6
238843	1	7
238843	1	8
238843	1	9
238843	1	10
238843	1	11
238843	1	12
238843	1	13
238843	1	14
238843	1	15
238843	1	16
238843	1	17
238843	1	18
238843	1	19
238843	1	20
238843	1	21
238843	1	22
238843	1	23
238843	1	24
238843	1	25
238843	4	5
110070	1	1
110070	1	2
110070	1	3
110070	1	4
110070	1	5
110070	1	6
110070	1	7
110070	1	8
110070	1	9
110070	1	10
110070	1	11
110070	1	12
110070	1	13
62741	1	1
62741	1	2
62741	1	3
62741	1	4
62741	1	5
62741	1	6
62741	1	7
62741	1	8
62741	1	9
62741	1	10
62741	1	11
62741	1	12
62741	1	13
62741	2	1
62741	2	2
62741	2	3
62741	2	4
62741	2	5
62741	2	6
62741	2	7
62741	2	8
62741	2	9
62741	2	10
62741	2	11
62741	2	12
61174	1	1
61174	1	2
61174	1	3
61174	1	4
61174	1	5
61174	1	6
61174	1	7
61174	1	8
61174	1	9
61174	1	10
61174	1	11
61174	1	12
61174	1	13
61174	1	14
61174	1	15
61174	1	16
962	1	1
962	1	2
962	1	3
962	1	4
962	1	5
962	1	6
962	1	7
962	1	8
962	1	9
962	1	10
962	1	11
962	1	12
962	1	13
962	1	14
962	1	15
962	1	16
962	1	17
962	1	18
962	1	19
962	1	20
962	1	21
962	1	22
962	1	23
962	1	24
962	1	25
962	1	26
14675	1	1
14675	1	2
14675	1	3
14675	1	4
14675	1	5
14675	1	6
14675	1	7
14675	1	8
14675	1	9
14675	1	10
14675	1	11
14675	1	12
14675	1	13
249907	1	1
249907	1	2
249907	1	3
249907	1	4
249907	1	5
249907	1	6
249907	1	7
249907	1	8
249907	1	9
249907	1	10
249907	1	11
249907	1	12
62104	1	1
62104	1	2
62104	1	3
62104	1	4
62104	1	5
62104	1	6
62104	1	7
62104	1	8
62104	1	9
62104	1	10
62104	1	11
62104	1	12
62104	1	13
62104	1	14
62104	1	15
62104	1	16
62104	1	17
62104	1	18
62104	1	19
62104	1	20
62104	1	21
62104	1	22
62104	1	23
62104	1	24
62104	2	1
62104	2	2
62104	2	3
62104	2	4
62104	2	5
62104	2	6
62104	2	7
62104	2	8
62104	2	9
62104	2	10
62104	2	11
62104	2	12
62104	2	13
62104	2	14
62104	2	15
62104	2	16
62104	2	17
62104	2	18
62104	2	19
62104	2	20
62104	2	21
62104	2	22
62104	2	23
62104	2	24
62104	3	1
62104	3	2
62104	3	3
62104	3	4
62104	3	5
62104	3	6
62104	3	7
62104	3	8
62104	3	9
62104	3	10
62104	3	11
62104	3	12
62104	3	13
62104	3	14
62104	3	15
62104	3	16
62104	3	17
62104	3	18
62104	3	19
62104	3	20
62104	3	21
62104	3	22
62104	3	23
62104	3	24
62104	4	1
62104	4	2
62104	4	3
62104	4	4
62104	4	5
62104	4	6
62104	4	7
62104	4	8
62104	4	9
62104	4	10
62104	4	11
62104	4	12
62104	4	13
62104	4	14
62104	4	15
62104	4	16
62104	4	17
62104	4	18
62104	4	19
62104	4	20
62104	4	21
62104	4	22
62104	4	23
62104	4	24
255107	1	1
255107	1	2
255107	1	3
255107	1	4
255107	1	5
255107	1	6
255107	1	7
255107	1	8
255107	1	9
255107	1	10
255107	1	11
255107	1	12
312884	1	1
312884	1	2
312884	1	3
241138	1	1
241138	1	2
241138	1	3
241138	1	4
241138	1	5
241138	1	6
241138	1	7
241138	1	8
241138	1	9
241138	1	10
241138	1	11
241138	1	12
241138	2	1
241138	2	2
241138	2	3
241138	2	4
241138	2	5
241138	2	6
241138	2	7
241138	2	8
241138	2	9
241138	2	10
241138	2	11
241138	2	12
241138	2	13
241138	2	14
78239	1	1
78239	1	2
78239	1	3
78239	1	4
78239	1	5
78239	1	6
78239	1	7
78239	1	8
78239	1	9
78239	1	10
78239	1	11
78239	1	12
78239	2	1
78239	2	2
78239	2	3
78239	2	4
78239	2	5
78239	2	6
78239	2	7
78239	2	8
78239	2	9
78239	2	10
78239	2	11
78239	2	12
295357	1	1
295357	1	2
295357	1	3
295357	1	4
295357	1	5
295357	1	6
295357	1	7
295357	1	8
295357	1	9
295357	1	10
295357	1	11
295357	1	12
295357	1	13
56998	1	1
56998	1	2
56998	1	3
56998	1	4
56998	1	5
56998	1	6
56998	1	7
56998	1	8
56998	1	9
56998	1	10
90937	1	1
90937	1	2
90937	1	3
90937	1	4
90937	1	5
90937	1	6
90937	1	7
90937	1	8
90937	1	9
90937	1	10
90937	1	11
90937	1	12
90937	2	1
90937	2	2
90937	2	3
90937	2	4
90937	2	5
90937	2	6
90937	2	7
90937	2	8
90937	2	9
90937	2	10
90937	2	11
90937	2	12
90937	3	1
90937	3	2
90937	3	3
90937	3	4
90937	3	5
90937	3	6
90937	3	7
90937	3	8
90937	3	9
90937	3	10
90937	3	11
90937	3	12
90937	3	13
90937	3	14
90937	3	15
90937	3	16
90937	3	17
90937	3	18
90937	3	19
90937	3	20
90937	3	21
90937	3	22
90937	3	23
90937	3	24
30981	1	1
30981	1	2
30981	1	3
30981	1	4
30981	1	5
30981	1	6
30981	1	7
30981	1	8
30981	1	9
30981	1	10
30981	1	11
30981	1	12
30981	1	13
30981	1	14
30981	1	15
30981	1	16
30981	1	17
30981	1	18
30981	1	19
30981	1	20
30981	1	21
30981	1	22
30981	1	23
30981	1	24
30981	1	25
30981	1	26
30981	1	27
30981	1	28
30981	1	29
30981	1	30
30981	1	31
30981	1	32
30981	1	33
30981	1	34
30981	1	35
30981	1	36
30981	1	37
30981	1	38
30981	1	39
30981	1	40
30981	1	41
30981	1	42
30981	1	43
30981	1	44
30981	1	45
30981	1	46
30981	1	47
30981	1	48
30981	1	49
30981	1	50
30981	1	51
30981	1	52
30981	1	53
30981	1	54
30981	1	55
30981	1	56
30981	1	57
30981	1	58
30981	1	59
30981	1	60
30981	1	61
30981	1	62
30981	1	63
30981	1	64
30981	1	65
30981	1	66
30981	1	67
30981	1	68
30981	1	69
30981	1	70
30981	1	71
30981	1	72
30981	1	73
30981	1	74
80564	1	1
80564	1	2
80564	1	3
80564	1	4
80564	1	5
80564	1	6
80564	1	7
80564	1	8
80564	1	9
80564	1	10
80564	1	11
80564	1	12
80564	1	13
80564	1	14
80564	1	15
80564	1	16
80564	1	17
80564	1	18
80564	1	19
80564	1	20
80564	1	21
80564	1	22
80564	1	23
80564	1	24
215401	1	1
215401	1	2
215401	1	3
215401	1	4
215401	1	5
215401	1	6
215401	1	7
215401	1	8
215401	1	9
215401	1	10
215401	1	11
215401	1	12
247367	1	1
247367	1	2
247367	1	3
247367	1	4
247367	1	5
247367	1	6
247367	1	7
247367	1	8
247367	1	9
247367	1	10
247367	1	11
247367	1	12
247367	1	39
83100	1	1
83100	1	2
83100	1	3
83100	1	4
83100	1	5
83100	1	6
83100	1	7
83100	1	8
83100	1	9
83100	1	10
83100	1	11
83100	1	12
83100	1	13
83100	1	14
83100	1	15
83100	1	16
83100	1	17
83100	1	18
83100	1	19
83100	1	20
83100	1	21
83100	1	22
83100	1	23
83100	1	24
241021	1	1
241021	1	2
241021	1	3
246862	1	1
246862	1	2
246862	1	3
246862	1	4
246862	1	5
246862	1	6
246862	1	7
246862	1	8
246862	1	9
246862	1	10
246862	1	11
246862	1	12
11279	1	1
11279	1	2
11279	1	3
11279	1	4
11279	1	5
11279	1	6
11279	1	7
11279	1	8
11279	1	9
11279	1	10
11279	1	11
11279	1	12
11279	1	13
11279	2	1
11279	2	2
11279	2	3
11279	2	4
11279	2	5
11279	2	6
11279	2	7
11279	2	8
11279	2	9
11279	2	10
11279	2	11
11279	2	12
11279	2	13
240576	1	1
240576	1	2
240576	1	3
240576	1	4
240576	1	5
240576	1	6
240576	1	7
240576	1	8
240576	1	9
240576	1	10
240576	1	11
240576	1	12
240576	2	1
71026	1	1
71026	1	2
71026	1	3
71026	1	4
71026	1	5
71026	1	6
71026	1	7
71026	1	8
71026	1	9
71026	1	10
71026	1	11
71026	1	12
71026	1	13
71026	1	14
71026	1	15
71026	1	16
71026	1	17
71026	1	18
71026	1	19
71026	1	20
71026	1	21
71026	1	22
71026	1	23
71026	1	24
71026	1	25
71026	1	26
71026	1	27
71026	1	28
71026	1	29
71026	1	30
71026	1	31
71026	1	32
71026	1	33
71026	1	34
71026	1	35
71026	1	36
71026	1	37
71026	1	38
71026	1	39
71026	1	40
63157	1	1
63157	1	2
63157	1	3
63157	1	4
63157	1	5
63157	1	6
63157	1	7
63157	1	8
63157	1	9
63157	1	10
63157	1	11
63157	1	12
63157	1	13
63157	2	1
63157	2	2
63157	2	3
63157	2	4
63157	2	5
63157	2	6
63157	2	7
63157	2	8
63157	2	9
63157	2	10
63157	2	11
63157	2	12
63157	2	13
136763	1	1
136763	1	2
136763	1	3
136763	1	4
136763	1	5
136763	1	6
136763	1	7
136763	1	8
136763	1	9
136763	1	10
136763	1	11
136763	1	12
203884	1	1
203884	1	2
203884	1	3
203884	1	4
203884	1	5
203884	1	6
203884	1	7
203884	1	8
203884	1	23
257724	1	1
257724	1	2
257724	1	3
257724	1	4
257724	1	5
257724	1	6
257724	1	7
257724	1	8
257724	1	9
257724	1	10
257724	1	11
257724	1	12
257724	1	13
257724	1	14
257724	1	15
257724	1	16
257724	1	17
257724	1	18
257724	1	19
257724	1	20
300104	1	1
300104	1	2
300104	1	3
300104	1	4
300104	1	5
300104	1	6
300104	1	7
300104	1	8
300104	1	9
300104	1	10
261557	1	1
261557	1	2
261557	1	3
261557	1	4
261557	1	5
261557	1	6
261557	1	7
261557	1	8
261557	1	9
261557	1	10
261557	2	1
261557	2	2
261557	2	3
261557	2	4
261557	2	5
261557	2	6
261557	2	7
261557	2	8
261557	2	9
261557	2	10
224022	1	1
224022	1	2
224022	1	3
224022	1	4
224022	1	5
224022	1	6
224022	1	7
224022	1	8
224022	1	9
224022	1	10
224022	1	11
224022	1	12
224022	1	13
224022	1	14
224022	1	15
224022	1	16
224022	1	17
224022	1	18
224022	1	19
224022	1	20
224022	1	21
224022	1	22
224022	1	23
224022	1	24
224022	1	25
224022	1	26
224022	1	27
224022	1	28
224022	1	29
224022	1	30
224022	1	31
224022	1	32
224022	3	7
156609	1	1
156609	1	2
156609	1	3
156609	1	4
156609	1	5
156609	1	6
156609	1	7
156609	1	8
156609	1	9
156609	1	10
156609	1	11
156609	1	12
156609	1	13
156609	1	14
156609	1	15
74866	1	1
74866	1	2
74866	1	3
74866	1	4
74866	1	5
74866	1	6
74866	1	7
74866	1	8
74866	1	9
74866	1	10
74866	1	11
74866	1	12
82235	1	1
82235	1	2
82235	1	3
82235	1	4
82235	1	5
82235	1	6
82235	1	7
82235	1	8
82235	1	9
82235	1	10
82235	1	11
82235	1	12
82235	1	13
82235	1	14
82235	1	15
82235	1	16
82235	1	17
82235	1	18
82235	1	19
82235	1	20
82235	1	21
82235	1	22
82235	1	23
82235	1	24
82235	1	25
82235	1	26
82235	1	27
82235	1	28
82235	2	1
82235	2	2
82235	2	3
82235	2	4
82235	2	5
82235	2	6
82235	2	7
82235	2	8
82235	2	9
82235	2	10
82235	2	11
82235	2	12
82235	2	13
75646	1	1
75646	1	2
75646	1	3
75646	1	4
75646	1	5
75646	1	6
75646	1	7
75646	1	8
75646	1	9
75646	1	10
75646	1	11
75646	1	12
75646	1	13
75646	1	14
75646	1	15
75646	1	16
75646	1	17
75646	1	18
75646	1	19
75646	1	20
75646	1	21
75646	1	22
75646	1	23
75646	1	24
75646	1	25
75646	1	26
75646	2	1
75646	2	2
75646	2	3
75646	2	4
75646	2	5
75646	2	6
70140	1	1
70140	1	2
70140	1	3
70140	1	4
70140	1	5
70140	1	6
70140	1	7
70140	1	8
70140	1	9
70140	1	10
70140	1	11
70140	1	12
70140	1	13
70140	2	1
70140	2	2
70140	2	3
70140	2	4
70140	2	5
70140	2	6
70140	2	7
70140	2	8
70140	2	9
70140	2	10
70140	2	11
70140	2	12
70140	2	13
210386	1	1
210386	1	2
210386	1	3
210386	1	4
210386	1	5
210386	1	6
210386	1	7
210386	1	8
210386	1	9
210386	1	10
210386	1	11
210386	1	12
210386	1	13
210386	1	14
210386	1	15
210386	1	16
210386	1	17
210386	1	18
210386	1	19
210386	1	20
210386	1	21
210386	1	22
210386	1	23
210386	1	24
210386	1	25
210386	1	26
65047	1	1
65047	1	2
65047	1	3
65047	1	4
65047	1	5
65047	1	6
65047	1	8
65047	1	9
65047	1	10
65047	1	11
65047	1	12
65047	1	13
65047	2	1
65047	2	2
65047	2	3
65047	2	4
65047	2	5
65047	2	6
65047	2	7
65047	2	8
65047	2	9
65047	2	10
65047	2	11
65047	2	12
65047	2	13
65047	3	1
65047	3	2
65047	3	3
65047	3	4
65047	3	5
65047	3	6
65047	3	7
65047	3	8
65047	3	9
65047	3	10
65047	3	11
65047	3	12
65047	3	13
65047	4	1
65047	4	4
65047	4	5
65047	4	6
65047	4	9
65047	4	10
65047	4	11
67459	1	1
67459	1	2
67459	1	3
67459	1	4
67459	1	5
67459	1	6
67459	1	7
67459	1	8
67459	1	9
67459	1	10
67459	2	1
67459	2	2
67459	2	3
67459	2	4
67459	2	5
67459	2	6
67459	2	7
67459	2	8
67459	2	9
67459	2	10
67459	2	11
67459	2	12
67459	2	13
67459	2	14
67459	2	15
67459	2	16
67459	2	17
67459	2	18
67459	2	19
67459	2	20
67459	2	21
67459	2	22
67459	2	23
67459	2	24
67459	2	25
67459	2	26
67459	2	27
67459	2	28
67459	2	29
219004	1	1
219004	1	2
219004	1	3
219004	1	4
219004	1	5
219004	1	6
219004	1	7
219004	1	8
219004	1	9
219004	1	10
219004	1	11
219004	1	12
219004	1	13
219004	1	14
219004	1	15
219004	1	16
219004	1	17
219004	1	18
219004	1	19
219004	1	20
219004	1	21
219004	1	22
219004	1	23
219004	1	24
219004	1	25
219004	1	26
219004	1	27
219004	1	28
219004	1	29
219004	1	30
219004	1	31
219004	1	32
219004	1	33
219004	18	20
91865	1	1
91865	1	2
91865	1	3
91865	1	4
91865	1	5
91865	1	6
91865	1	7
91865	1	8
91865	1	9
91865	1	10
91865	2	1
91865	2	2
91865	2	3
91865	2	4
91865	2	5
91865	2	6
91865	2	7
91865	2	8
91865	3	1
91865	3	2
91865	3	3
91865	3	4
91865	3	5
91865	3	6
91865	3	7
91865	3	8
317375	1	1
317375	1	2
317375	1	3
317375	1	4
154010	1	1
154010	1	2
154010	1	3
154010	1	4
154010	1	5
154010	1	6
154010	1	7
154010	1	8
154010	1	9
154010	1	10
154010	1	11
154010	1	12
154010	1	13
154010	1	14
154010	1	15
154010	1	16
154010	3	12
72898	1	1
72898	1	2
72898	1	3
72898	1	4
72898	1	5
72898	1	6
72898	1	7
72898	1	8
72898	1	9
72898	1	10
72898	1	11
72898	1	12
72898	1	13
72898	2	1
72898	2	2
72898	2	3
72898	2	4
72898	2	5
72898	2	6
72898	2	7
72898	2	8
72898	2	9
72898	2	10
10926	1	1
10926	1	2
10926	1	3
10926	1	4
10926	1	5
10926	1	6
10926	1	7
10926	1	8
10926	1	9
10926	1	10
10926	1	11
10926	1	12
10926	1	13
10926	1	14
10926	1	15
10926	1	16
10926	1	17
10926	1	18
10926	1	19
10926	1	20
10926	1	21
10926	1	22
10926	1	23
10926	1	24
10926	1	25
10926	1	26
10926	2	1
10926	2	2
10926	2	3
10926	2	4
10926	2	5
10926	2	6
10926	2	7
10926	2	8
10926	2	9
10926	2	10
10926	2	11
10926	2	12
10926	2	13
10926	2	14
10926	2	15
10926	2	16
10926	2	17
10926	2	18
10926	2	19
10926	2	20
10926	2	21
10926	2	22
10926	2	23
10926	2	24
10926	2	25
10926	2	26
10926	3	1
10926	3	2
10926	3	3
10926	3	4
10926	3	5
10926	3	6
10926	3	7
10926	3	8
10926	3	9
10926	3	10
10926	3	11
10926	3	12
10926	3	13
10926	3	14
10926	3	15
10926	3	16
10926	3	17
10926	3	18
10926	3	19
10926	3	20
10926	3	21
10926	3	22
10926	3	23
10926	3	24
10926	3	25
86838	1	1
86838	1	2
86838	1	3
86838	1	4
86838	1	5
86838	1	6
86838	1	7
86838	1	8
86838	1	9
86838	1	10
86838	1	11
86838	1	12
86838	1	13
86838	1	14
111794	1	1
111794	1	2
111794	1	3
111794	1	4
111794	1	5
111794	1	6
111794	1	7
111794	1	8
111794	1	9
111794	1	10
111794	1	11
111794	1	12
111794	1	13
111794	1	14
111794	1	15
111794	1	16
111794	1	17
111794	1	18
111794	1	19
111794	1	20
111794	1	21
111794	1	22
111794	1	23
111794	1	24
111794	1	25
111794	1	26
111794	2	1
111794	2	2
111794	2	3
111794	2	4
111794	2	5
111794	2	6
111794	2	7
111794	2	8
111794	2	9
111794	2	10
111794	2	11
111794	2	12
111794	2	13
111794	3	1
111794	3	2
111794	3	3
111794	3	4
111794	3	5
111794	3	6
111794	3	7
111794	3	8
111794	3	9
111794	3	10
111794	3	11
111794	3	12
111794	3	13
111794	4	1
111794	4	2
111794	4	3
111794	4	4
111794	4	5
111794	4	6
111794	4	7
111794	4	8
111794	4	9
111794	4	10
111794	4	11
111794	4	12
111794	4	13
137644	1	1
137644	1	2
137644	1	3
137644	2	1
137644	2	2
137644	2	3
137644	3	1
137644	3	2
137644	4	8
125765	1	1
125765	1	2
125765	1	3
125765	1	4
125765	1	5
125765	1	6
125765	1	7
125765	1	8
125765	1	9
125765	1	10
125765	1	11
125765	1	12
125765	1	13
125765	1	14
125765	1	15
125765	1	16
125765	1	17
125765	1	18
125765	1	19
125765	1	20
125765	1	21
125765	1	22
125765	1	23
125765	1	24
125765	1	137
210699	1	1
210699	1	5
154096	1	1
154096	1	2
154096	1	3
154096	1	4
154096	1	5
154096	1	6
154096	1	7
154096	1	8
154096	1	9
154096	1	10
154096	1	11
154096	1	12
154096	1	13
154096	1	14
154096	1	15
154096	1	16
154096	2	1
154096	2	2
154096	2	3
154096	2	4
154096	2	5
154096	2	6
154096	2	7
154096	2	8
154096	2	9
154096	2	10
218998	1	1
218998	1	2
218998	1	3
218998	1	4
218998	18	14
67657	1	1
67657	1	2
67657	1	3
67657	1	4
67657	1	5
67657	1	6
67657	2	1
67657	2	2
67657	2	3
67657	2	4
67657	2	5
67657	2	6
67657	2	7
194768	1	1
194768	1	2
194768	1	3
194768	2	8
113299	1	1
113299	1	2
113299	1	3
113299	1	4
113299	1	5
113299	1	6
113299	1	7
113299	1	8
113299	1	9
113299	1	10
113299	1	11
113299	1	12
113299	1	13
113299	1	14
113299	1	15
113299	1	16
113299	2	1
113299	2	2
113299	2	3
113299	2	4
113299	2	5
113299	2	6
113299	2	7
113299	2	8
113299	2	9
113299	2	10
113299	2	11
113299	2	12
113299	2	13
113299	2	14
113299	2	15
113299	3	1
113299	3	2
113299	3	3
113299	3	4
113299	3	5
113299	3	6
113299	3	7
113299	3	8
113299	3	9
113299	3	10
113299	3	11
113299	3	12
113299	3	13
113299	3	14
113299	3	15
113299	3	16
329903	1	1
329903	1	2
329903	1	3
329903	1	4
329903	1	5
329903	1	6
329903	1	7
329903	1	8
329903	1	9
329903	1	10
246913	1	1
246913	1	2
246913	1	3
246913	1	4
246913	1	5
246913	1	6
246913	1	7
246913	1	8
246913	1	9
246913	1	10
246913	1	11
246913	1	12
246913	1	13
246913	1	14
246913	1	15
246913	1	16
246913	1	17
246913	1	18
246913	1	19
246913	1	20
246913	1	21
246913	1	22
246913	1	23
246913	1	24
246913	1	25
246913	1	26
246913	1	27
246913	1	28
246913	1	29
246913	1	30
246913	1	31
246913	1	32
246913	1	33
246913	1	34
246913	1	35
246913	1	36
246913	1	37
246913	1	38
246913	1	39
246913	1	40
246913	1	41
246913	1	42
246913	1	43
246913	1	44
246913	1	45
246913	1	46
246913	1	47
246913	1	48
246913	1	49
246913	1	50
246913	1	51
246913	1	52
113905	1	1
113905	1	2
113905	1	3
113905	1	4
113905	1	5
113905	1	6
113905	1	7
113905	1	8
113905	1	9
113905	1	10
113905	1	11
113905	2	1
113905	2	2
113905	2	3
113905	2	4
113905	2	5
113905	2	6
113905	2	7
113905	2	8
113905	2	9
113905	3	1
113905	3	2
113905	3	3
113905	3	4
113905	3	5
113905	3	6
113905	3	7
113905	3	8
113905	3	9
113905	4	1
113905	4	2
113905	4	3
113905	4	4
113905	4	5
113905	4	6
113905	4	7
113905	4	8
113905	4	9
113905	4	10
113905	4	11
112454	1	1
112454	1	2
112454	1	3
112454	2	1
112454	2	2
112454	2	3
112454	3	1
112454	3	2
112454	3	3
112454	4	1
112454	4	2
112454	4	3
112454	5	1
112454	5	2
112454	5	3
112454	6	1
112454	6	2
112454	6	3
112454	7	1
112454	7	2
112454	7	3
112454	8	1
112454	8	2
112454	8	3
112454	9	1
112454	9	2
112454	9	3
112454	10	1
112454	10	2
112454	10	3
112454	11	1
112454	11	2
112454	11	3
112454	12	1
112454	12	2
112454	12	3
112454	13	1
238903	1	1
238903	1	2
238903	1	3
238903	1	4
238903	1	5
238903	1	6
238903	1	7
238903	1	8
238903	1	9
238903	1	10
238903	1	11
238903	1	12
204930	1	1
204930	1	2
204930	1	3
204930	1	4
204930	1	5
204930	1	6
204930	1	7
204930	1	8
204930	1	9
204930	1	10
204930	1	11
204930	1	12
204930	1	13
204930	1	14
204930	1	15
204930	1	16
204930	1	17
204930	1	18
204930	1	19
204930	1	20
204930	1	21
204930	1	22
204930	1	23
204930	1	24
204930	2	1
204930	2	2
99560	1	1
99560	1	2
99560	1	3
99560	1	4
99560	1	5
99560	1	6
99560	1	7
99560	1	8
99560	1	9
99560	1	10
99560	1	11
99560	1	12
99560	1	13
99560	1	14
99560	1	15
99560	1	16
99560	1	17
99560	1	18
99560	1	19
99560	1	20
99560	1	21
99560	2	1
99560	2	2
99560	3	1
99560	3	2
99560	3	3
99560	3	4
99560	3	5
99560	3	6
99560	3	7
99560	3	8
99560	3	9
99560	3	10
99560	3	11
99560	3	12
99560	3	13
99560	3	14
99560	3	15
99560	3	16
99560	3	17
99560	3	18
99560	3	19
99560	3	20
99560	3	21
99560	3	22
78250	1	1
78250	1	2
78250	1	3
78250	1	4
78250	1	5
78250	1	6
78250	1	7
78250	1	8
78250	1	9
78250	1	10
78250	1	11
78250	1	12
78250	1	13
78250	1	14
78250	1	15
78250	1	16
78250	1	17
78250	1	18
78250	1	19
78250	1	20
78250	1	21
78250	1	22
78250	1	23
78250	1	24
78250	1	25
78250	1	26
78250	1	27
78250	1	28
78250	1	29
78250	1	30
78250	1	31
78250	1	32
78250	1	33
78250	1	34
78250	1	35
78250	1	36
78250	1	37
78250	1	38
78250	1	39
78250	1	40
78250	1	41
78250	1	42
78250	1	43
78250	1	44
78250	1	45
78250	1	46
78250	1	47
78250	1	48
78250	1	49
78250	1	50
78250	1	51
78250	1	52
78250	2	1
78250	2	2
78250	2	3
78250	2	4
78250	2	5
78250	2	6
78250	2	7
78250	2	8
78250	2	9
78250	2	10
78250	2	11
78250	2	12
78250	2	13
78250	2	14
78250	2	15
78250	2	16
78250	2	17
78250	2	18
78250	2	19
78250	2	20
78250	2	21
78250	2	22
78250	2	23
78250	2	24
78250	2	25
78250	2	26
78250	2	27
78250	2	28
78250	2	29
78250	2	30
78250	2	31
78250	2	32
78250	2	33
78250	2	34
78250	2	35
78250	2	36
78250	2	37
78250	2	38
78250	2	39
78250	2	40
78250	2	41
78250	2	42
78250	2	43
78250	2	44
78250	2	45
78250	2	46
78250	2	47
78250	2	48
78250	2	49
78250	2	50
78250	2	51
78250	2	52
78250	3	1
78250	3	2
78250	3	3
78250	3	4
78250	3	5
78250	3	6
78250	3	7
78250	3	8
78250	3	9
78250	3	10
78250	3	11
78250	3	12
78250	3	13
78250	3	14
78250	3	15
78250	3	16
78250	3	17
78250	3	18
78250	3	19
78250	3	20
78250	3	21
78250	3	22
78250	3	23
158061	1	1
158061	1	2
158061	1	3
158061	1	4
158061	1	5
158061	1	6
158061	1	7
158061	1	8
158061	1	9
158061	1	10
158061	1	11
158061	1	12
158061	1	13
158061	1	14
158061	1	15
158061	1	16
158061	1	17
158061	1	18
158061	1	19
158061	1	20
158061	1	21
158061	1	22
158061	1	23
158061	1	24
158061	1	25
158061	1	26
158061	1	27
158061	1	28
158061	1	29
158061	1	30
158061	1	31
158061	1	32
158061	1	33
158061	1	34
158061	1	35
158061	1	36
158061	1	37
158061	1	38
158061	1	39
158061	1	40
158061	1	41
158061	1	42
158061	1	43
158061	1	44
158061	1	45
158061	1	46
158061	1	47
158061	1	48
158061	1	49
158061	1	50
158061	1	51
81665	1	1
81665	1	2
81665	1	3
81665	1	4
81665	1	5
81665	1	6
81665	1	7
81665	1	8
81665	1	9
81665	1	10
81665	1	11
81665	1	12
81665	1	13
81665	1	14
81665	1	15
81665	1	16
81665	1	17
81665	1	18
81665	1	19
81665	1	20
81665	1	21
81665	1	22
81665	1	23
81665	1	24
81665	1	25
81665	1	26
81665	1	27
81665	1	28
81665	1	29
81665	1	30
81665	1	31
81665	1	32
81665	1	33
81665	1	34
81665	1	35
81665	1	36
81665	1	37
81665	1	38
81665	1	39
81665	1	40
81665	2	1
81665	2	2
81665	2	3
81665	2	4
81665	2	5
81665	2	6
81665	2	7
81665	2	8
81665	2	9
81665	2	10
81665	2	11
81665	2	12
81665	2	13
81665	2	14
81665	2	15
81665	2	16
81665	2	17
81665	2	18
81665	2	19
81665	3	1
81665	3	2
81665	3	3
81665	3	4
81665	3	5
81665	3	6
81665	3	7
81665	3	8
81665	3	9
81665	3	10
81665	3	11
81665	3	12
81665	4	1
81665	4	2
81665	4	3
81665	4	4
81665	4	5
81665	4	6
81665	4	7
81665	4	8
81665	4	9
81665	4	10
81665	4	11
81665	4	12
81665	4	13
81665	5	1
81665	5	2
81665	5	3
81665	5	4
81665	5	5
81665	5	6
81665	5	7
81665	5	8
81665	5	9
81665	5	10
81665	5	11
81665	5	12
81665	5	13
81665	5	14
81665	5	15
81665	6	1
81665	6	2
81665	6	3
81665	6	4
81665	6	5
81665	6	6
81665	6	7
81665	6	8
81665	6	9
81665	6	10
81665	6	11
81665	6	12
81665	6	13
81665	6	14
81665	6	15
81665	6	16
81665	6	17
81665	6	18
81665	6	19
81665	6	20
111772	1	1
111772	1	2
111772	1	3
111772	1	4
111772	1	5
111772	1	6
111772	1	7
111772	1	8
111772	1	9
111772	1	10
111772	1	11
111772	1	12
111772	1	13
111772	1	14
111772	1	15
111772	1	16
111772	1	17
111772	1	18
111772	1	19
111772	1	20
111772	1	21
111772	1	22
111772	1	23
111772	1	24
111772	1	25
111772	1	26
111772	1	27
111772	1	28
111772	1	29
111772	1	30
111772	1	31
111772	1	32
111772	1	33
111772	1	34
111772	1	35
111772	1	36
111772	1	37
111772	1	38
111772	1	39
111772	1	40
111772	1	41
111772	1	42
111772	1	43
111772	1	44
111772	1	45
111772	1	46
111772	1	47
111772	1	48
111772	1	49
111772	1	50
111772	1	51
111772	1	52
111772	2	1
111772	2	2
111772	2	3
111772	2	4
111772	2	5
111772	2	6
111772	2	7
111772	2	8
111772	2	9
111772	2	10
111772	2	11
111772	2	12
111772	2	13
111772	2	14
111772	2	15
111772	2	16
111772	2	17
111772	2	18
111772	2	19
111772	2	20
111772	2	21
111772	2	22
111772	2	23
111772	2	24
111772	2	25
111772	2	26
111772	2	27
111772	2	28
111772	2	29
111772	2	30
111772	2	31
111772	2	32
111772	2	33
111772	2	34
111772	2	35
111772	2	36
111772	2	37
111772	2	38
111772	2	39
111772	2	40
111772	2	41
111772	2	42
111772	2	43
111772	2	44
111772	2	45
111772	2	46
111772	2	47
111772	2	48
111772	2	49
111772	2	50
111772	2	51
111772	2	52
111772	3	1
111772	3	2
111772	3	3
111772	3	4
111772	3	5
111772	3	6
111772	3	7
111772	3	8
111772	3	9
111772	3	10
111772	3	11
111772	3	12
111772	3	13
111772	3	14
111772	3	15
111772	3	16
111772	3	17
111772	3	18
111772	3	19
111772	3	20
111772	3	21
111772	3	22
111772	3	23
111772	3	24
111772	3	25
111772	3	26
111772	3	27
111772	3	28
111772	3	29
111772	3	30
111772	3	31
111772	3	32
111772	3	33
111772	3	34
111772	3	35
111772	3	36
111772	3	37
111772	3	38
111772	3	39
111772	3	40
111772	3	41
111772	3	42
111772	3	43
111772	3	44
111772	3	45
111772	3	46
111772	3	47
111772	3	48
111772	3	49
111772	3	50
111772	3	51
111772	4	13
71986	1	1
71986	1	2
71986	1	3
71986	1	4
71986	1	5
71986	1	6
71986	1	7
71986	1	8
71986	1	9
71986	1	10
71986	1	11
71986	1	12
71986	1	13
104065	1	1
104065	1	2
104065	1	3
104065	1	4
104065	1	5
104065	1	6
104065	1	7
104065	1	8
41997	1	1
41997	1	2
41997	1	3
41997	1	4
41997	1	5
41997	1	6
41997	1	7
41997	1	8
41997	1	9
41997	1	10
41997	1	11
41997	1	12
41997	1	13
41997	1	14
41997	1	15
41997	1	16
41997	1	17
41997	1	18
41997	1	19
41997	1	20
228673	1	1
228673	1	2
228673	1	3
228673	1	4
228673	1	5
228673	1	6
228673	3	7
91433	1	1
91433	1	2
91433	1	3
91433	1	4
91433	1	5
91433	1	6
91433	1	7
91433	1	8
91433	1	9
91433	1	10
91433	1	11
91433	1	12
91433	1	13
91433	1	14
91433	1	15
91433	1	16
91433	1	17
91433	1	18
91433	1	19
91433	1	20
91433	1	21
91433	1	22
91433	1	23
91433	1	24
91433	2	1
91433	2	2
91433	2	3
91433	2	4
91433	2	5
91433	2	6
91433	2	7
91433	2	8
91433	2	9
91433	2	10
91433	2	11
91433	2	12
91433	2	13
91433	2	14
91433	2	15
91433	2	16
91433	2	17
91433	2	18
91433	2	19
91433	2	20
91433	2	21
91433	2	22
91433	2	23
91433	2	24
91433	2	25
91433	3	1
91433	3	2
91433	3	3
91433	3	4
91433	3	5
91433	3	6
91433	3	7
91433	3	8
91433	3	9
91433	3	10
91433	3	11
91433	3	12
91433	3	13
91433	3	14
91433	3	15
91433	3	16
91433	3	17
91433	3	18
91433	3	19
91433	3	20
91433	3	21
91433	3	22
91433	3	23
91433	3	24
91433	3	25
231848	1	1
231848	5	13
5263	1	1
5263	1	2
5263	1	3
5263	1	4
5263	1	5
5263	1	6
5263	1	7
5263	1	8
5263	1	9
5263	1	10
5263	1	11
5263	1	12
5263	1	13
5263	1	14
5263	1	15
5263	1	16
5263	1	17
5263	1	18
5263	1	19
5263	1	20
5263	1	21
5263	1	22
5263	1	23
5263	1	24
5263	1	25
5263	1	26
5263	2	1
5263	2	2
5263	2	3
5263	2	4
5263	2	5
5263	2	6
5263	2	7
5263	2	8
5263	2	9
5263	2	10
5263	2	11
5263	2	12
5263	2	13
138555	1	1
138555	1	2
138555	1	3
138555	1	4
138555	1	5
138555	1	6
138555	1	7
138555	1	8
138555	1	9
138555	1	10
138555	1	11
138555	1	12
138555	1	13
138555	1	14
138555	1	15
138555	1	16
138555	1	17
138555	1	18
138555	1	19
138555	1	20
138555	1	21
138555	1	22
138555	1	23
138555	1	24
138555	1	25
138555	1	26
138555	1	27
138555	1	28
138555	1	29
138555	1	30
138555	1	31
138555	1	32
138555	1	33
138555	1	34
138555	1	35
138555	1	36
138555	1	37
138555	1	38
138555	1	39
138555	1	40
138555	1	41
138555	1	42
138555	1	43
138555	1	44
138555	1	45
138555	1	46
138555	1	47
138555	1	48
138555	1	49
138555	1	50
138555	1	51
138555	1	52
138555	1	103
57748	1	1
57748	1	2
57748	1	3
57748	1	4
57748	1	5
57748	1	6
57748	1	7
57748	1	8
57748	1	9
57748	1	10
57748	1	11
57748	1	12
57748	1	13
57748	1	14
57748	1	15
57748	1	16
57748	1	17
57748	1	18
57748	1	19
57748	1	20
57748	1	21
57748	1	22
57748	1	23
57748	1	24
57748	1	25
57748	1	26
57748	2	1
57748	2	2
57748	2	3
57748	2	4
57748	2	5
57748	2	6
57748	2	7
57748	2	8
57748	2	9
57748	2	10
57748	2	11
57748	2	12
57748	2	13
57748	2	14
57748	2	15
57748	2	16
57748	2	17
57748	2	18
57748	2	19
57748	2	20
57748	2	21
57748	2	22
57748	2	23
79888	1	1
79888	1	2
79888	1	3
79888	1	4
79888	1	5
79888	1	6
79888	1	7
79888	1	8
79888	1	9
79888	1	10
79888	1	11
79888	1	12
79888	1	13
79888	1	14
79888	1	15
79888	1	16
79888	1	17
79888	1	18
79888	1	19
79888	1	20
79888	1	21
79888	1	22
79888	1	23
79888	1	24
79888	1	25
79888	1	26
79888	2	1
79888	2	2
79888	2	3
79888	2	4
79888	2	5
79888	2	6
79888	2	7
79888	2	8
79888	2	9
79888	2	10
79888	2	11
79888	2	12
79888	2	13
79888	2	14
79888	2	15
79888	2	16
79888	2	17
79888	2	18
79888	2	19
79888	2	20
79888	2	21
79888	2	22
79888	2	23
79888	2	24
79888	2	25
79888	2	26
68617	1	1
68617	1	2
68617	1	3
68617	1	4
68617	1	5
68617	1	6
68617	1	7
68617	1	8
68617	1	9
68617	1	10
68617	1	11
68617	1	12
68617	1	13
68617	1	14
68617	1	15
68617	1	16
68617	1	17
68617	1	18
68617	1	19
68617	1	20
68617	1	21
68617	1	22
68617	1	23
68617	1	24
68617	1	25
68617	1	26
219799	1	1
219799	1	2
219799	1	3
219799	1	4
219799	1	5
219799	1	6
219799	1	7
219799	1	8
219799	1	9
219799	1	10
219799	1	11
281485	1	1
281485	1	2
281485	1	3
281485	2	1
281485	2	2
281485	2	3
281485	3	1
1567	1	1
1567	1	2
1567	1	3
1567	1	4
1567	1	5
1567	1	6
1567	1	7
1567	1	8
1567	1	9
1567	1	10
1567	1	11
1567	1	12
1567	1	13
1567	1	15
1567	1	16
1567	1	17
1567	1	18
1567	1	19
1567	1	20
1567	2	1
1567	2	2
1567	2	3
1567	2	4
1567	2	5
1567	2	6
1567	2	7
1567	2	8
1567	2	9
1567	2	10
1567	2	11
1567	2	12
1567	2	13
1567	2	14
1567	2	15
1567	2	16
1567	2	17
1567	2	18
1567	2	19
1567	2	20
1567	2	21
72636	1	1
72636	1	2
72636	1	3
72636	1	4
72636	1	5
72636	1	6
72636	1	7
72636	1	8
72636	1	9
72636	1	10
72636	1	11
72636	1	12
72636	1	13
72636	2	1
72636	2	2
72636	2	3
72636	2	4
72636	2	5
72636	2	6
72636	2	7
72636	2	8
72636	2	9
72636	2	10
72636	2	11
72636	2	12
38084	1	1
111790	1	1
111790	1	2
111790	1	3
111790	1	4
111790	1	5
111790	1	6
111790	1	7
111790	1	8
111790	1	9
111790	1	10
111790	1	11
111790	1	12
111790	1	13
111790	1	14
111790	1	15
111790	1	16
111790	1	17
111790	1	19
111790	1	20
111790	1	21
111790	1	22
111790	1	23
111790	1	24
111790	1	25
111790	1	26
296286	1	1
296286	1	2
296286	1	3
296286	1	4
296286	1	5
115911	1	1
115911	1	2
115911	1	3
115911	1	4
115911	1	5
115911	1	6
115911	1	7
115911	1	8
115911	1	9
115911	1	10
115911	1	11
115911	1	12
115911	1	13
115911	1	14
115911	1	15
115911	1	16
115911	1	17
115911	1	18
115911	1	19
115911	1	20
115911	1	21
115911	1	22
115911	1	23
115911	1	24
217407	1	1
217407	1	2
217407	1	3
217407	1	4
217407	1	5
217407	1	6
217407	1	7
217407	1	8
217407	1	9
217407	1	10
217407	1	11
217407	1	12
1618	1	1
1618	1	2
1618	1	3
1618	1	4
1618	1	5
1618	1	6
1618	1	7
1618	1	8
1618	1	9
1618	1	10
1618	1	11
1618	1	12
1618	1	13
1618	1	14
1618	1	15
1618	1	16
1618	1	17
1618	1	18
1618	1	19
1618	1	20
1618	1	21
1618	1	22
1618	1	23
1618	1	24
1618	1	25
1618	1	26
1618	2	1
1618	2	2
1618	2	3
1618	2	4
1618	2	5
1618	2	6
1618	2	7
1618	2	8
1618	2	9
1618	2	10
1618	2	11
1618	2	12
1618	2	13
1618	2	14
1618	2	15
1618	2	16
1618	2	17
1618	2	18
1618	2	19
1618	2	20
1618	2	21
1618	2	22
1618	2	23
1618	2	24
1618	2	25
1618	2	26
34356	1	1
34356	1	2
34356	1	3
34356	1	4
34356	1	5
34356	1	6
34356	1	7
34356	1	8
34356	1	9
34356	1	10
34356	1	11
34356	1	12
34356	1	13
34356	1	14
34356	1	15
34356	1	16
34356	1	17
34356	1	18
95479	1	1
95479	1	2
95479	1	3
95479	1	4
95479	1	5
95479	1	6
95479	1	7
95479	1	8
95479	1	9
95479	1	10
95479	1	11
95479	1	12
95479	1	13
95479	1	14
95479	1	15
95479	1	16
95479	1	17
95479	1	18
95479	1	19
95479	1	20
95479	1	21
95479	1	22
95479	1	23
95479	1	24
95479	1	25
95479	1	26
95479	1	27
95479	1	28
95479	1	29
95479	1	30
95479	1	31
95479	1	32
95479	1	33
95479	1	34
95479	1	35
95479	1	36
95479	1	37
95479	1	38
95479	1	39
95479	1	40
95479	1	41
95479	1	42
95479	1	43
95479	1	44
95479	1	45
95479	1	46
95479	1	47
95479	1	48
95479	1	49
95479	1	50
95479	1	51
95479	1	52
95479	1	53
95479	1	54
95479	1	55
95479	1	56
95479	1	57
95479	1	58
95479	1	59
205050	1	1
205050	1	2
205050	1	3
205050	1	4
205050	1	5
205050	1	6
205050	1	7
205050	1	8
205050	1	9
205050	1	10
205050	1	11
205050	1	12
205050	1	13
205050	1	14
205050	1	15
205050	1	16
205050	1	17
205050	1	18
205050	1	19
205050	1	20
205050	1	21
205050	1	22
205050	1	23
205050	1	24
205050	1	25
50035	1	1
50035	1	2
50035	1	3
50035	1	4
50035	1	5
50035	1	6
50035	1	7
50035	1	8
50035	1	9
50035	1	10
50035	1	11
50035	1	12
50035	1	13
50035	1	14
50035	1	15
50035	1	16
50035	1	17
50035	1	18
50035	1	19
50035	1	20
50035	1	21
50035	1	22
50035	1	23
50035	1	24
50035	1	25
50035	1	26
50035	1	27
50035	1	28
50035	1	29
50035	1	30
50035	1	31
50035	1	32
50035	1	33
50035	1	34
50035	1	35
50035	1	36
50035	1	37
50035	1	38
50035	1	39
50035	1	40
50035	1	41
50035	1	42
50035	1	43
50035	1	44
50035	1	45
50035	1	46
50035	1	47
50035	1	48
50035	1	49
50035	1	50
50035	1	51
50035	2	1
50035	2	2
50035	2	3
50035	2	4
50035	2	5
50035	2	6
50035	2	7
50035	2	8
50035	2	9
50035	2	10
50035	2	11
50035	2	12
50035	2	13
50035	2	14
50035	2	15
50035	2	16
50035	2	17
50035	2	18
50035	2	19
50035	2	20
50035	2	21
50035	2	22
50035	2	23
50035	2	24
50035	2	25
50035	2	26
50035	2	27
50035	2	28
50035	2	29
50035	2	30
50035	2	31
50035	2	32
50035	2	33
50035	2	34
50035	2	35
50035	2	36
50035	2	37
50035	2	38
50035	3	1
50035	3	2
50035	3	3
50035	3	4
50035	3	5
50035	3	6
50035	3	7
50035	3	8
50035	3	9
50035	3	10
246	1	1
246	1	2
246	1	3
246	1	4
246	1	5
246	1	6
246	1	7
246	1	8
246	1	9
246	1	10
246	1	11
246	1	12
246	1	13
246	1	14
246	1	15
246	1	16
246	1	17
246	1	18
246	1	19
246	1	20
246	1	21
246	1	22
246	1	23
246	1	24
246	1	25
246	1	26
246	1	27
246	1	28
246	1	29
246	1	30
246	1	31
246	1	32
246	1	33
246	1	34
246	1	35
246	1	36
246	1	37
246	1	38
246	1	39
246	1	40
246	1	41
246	1	42
246	1	43
246	1	44
246	1	45
246	1	46
246	1	47
246	1	48
246	1	49
246	1	50
246	1	51
246	1	52
246	1	53
246	1	54
288971	1	1
288971	1	2
288971	1	3
288971	1	4
288971	1	5
288971	1	6
288971	1	7
300480	1	1
300480	1	2
300480	1	3
300480	1	4
300480	1	5
300480	1	6
286791	1	1
286791	1	2
286791	1	3
286791	1	4
286791	1	5
286791	1	6
286791	1	7
286791	1	8
286791	1	9
286791	1	10
286791	1	11
286791	1	12
286791	1	13
286791	1	14
286791	1	15
286791	1	16
286791	1	17
286791	1	18
286791	1	19
286791	1	20
286791	1	21
286791	1	22
286791	1	23
286791	1	24
286791	1	25
286791	1	26
286791	1	27
286791	1	28
286791	1	29
286791	1	30
286791	1	31
286791	1	32
286791	1	33
286791	1	34
286791	1	35
286791	1	36
286791	1	37
286791	1	38
286791	1	39
286791	1	40
286791	1	41
286791	1	42
91801	1	1
91801	1	2
91801	1	3
91801	1	4
91801	1	5
91801	1	6
91801	1	7
91801	1	8
91801	1	9
91801	1	10
91801	1	11
91801	1	12
91801	1	13
91801	1	14
91801	1	15
91801	1	16
91801	1	17
91801	1	18
91801	1	19
91801	1	20
91801	1	21
91801	1	22
91801	1	23
91801	2	1
91801	2	2
91801	2	3
91801	2	4
91801	2	5
91801	2	6
91801	2	7
91801	2	8
91801	2	9
91801	2	10
91801	2	11
91801	2	12
91801	2	13
91801	2	14
91801	2	15
91801	2	16
91801	2	17
91801	2	18
91801	2	19
91801	2	20
91801	2	21
91801	3	1
91801	3	2
91801	3	3
91801	3	4
91801	3	5
91801	3	6
91801	3	7
91801	3	8
91801	3	9
91801	3	10
91801	3	11
91801	3	12
91801	3	13
91801	3	14
91801	3	15
91801	3	16
91801	3	17
91801	3	18
91801	3	19
91801	3	20
91801	3	21
91801	4	1
91801	4	2
91801	4	3
91801	4	4
91801	4	5
91801	4	6
91801	4	7
91801	4	8
91801	4	9
91801	4	10
91801	4	11
91801	4	12
91801	4	13
91801	4	14
91801	4	15
91801	4	16
91801	4	17
91801	4	18
38464	1	1
38464	1	2
38464	1	3
38464	1	4
38464	1	5
38464	1	6
38464	1	7
38464	1	8
38464	1	9
38464	1	10
38464	1	11
38464	1	12
38464	1	13
38464	1	14
38464	1	15
38464	1	16
38464	1	17
38464	1	18
38464	1	19
38464	1	20
38464	1	21
38464	1	22
38464	1	23
38464	1	24
38464	1	25
38464	2	1
38464	2	2
38464	2	3
38464	2	4
38464	2	5
38464	2	6
38464	2	7
38464	2	8
38464	2	9
38464	2	10
38464	2	11
38464	2	12
38464	4	1
38464	4	2
38464	4	3
38464	4	4
38464	4	5
38464	4	6
38464	4	7
38464	4	8
38464	4	9
38464	4	10
38464	4	11
38464	4	12
38464	5	1
38464	5	2
38464	5	3
38464	5	4
38464	5	5
38464	5	6
38464	5	7
38464	5	8
38464	5	9
38464	5	10
38464	5	11
38464	5	12
139512	1	1
139512	1	2
139512	1	3
139512	1	4
139512	1	5
139512	1	6
139512	1	7
139512	1	8
139512	1	9
139512	1	10
139512	1	11
139512	1	12
139512	2	1
139512	2	2
289324	1	1
289324	1	2
289324	1	3
289324	1	4
289324	1	5
289324	1	6
289324	1	7
289324	1	8
244808	1	1
244808	1	2
244808	1	3
244808	1	4
244808	1	5
244808	1	6
244808	1	7
244808	1	8
244808	1	9
296756	1	1
296756	1	2
296756	1	3
296756	1	4
296756	1	5
296756	1	6
296756	1	7
276393	1	1
276393	1	2
276393	1	3
276393	1	4
276393	1	5
276393	1	6
276393	1	7
276393	1	8
276393	1	9
276393	1	10
276393	1	11
276393	1	12
276393	1	13
110792	1	1
110792	1	2
110792	1	3
110792	1	4
110792	1	5
110792	1	6
110792	1	7
110792	1	8
110792	1	9
110792	1	10
230059	1	1
230059	1	2
230059	1	3
230059	1	4
230059	1	5
230059	1	6
230059	1	7
230059	1	8
230059	1	9
230059	1	10
230059	1	11
203737	1	1
203737	1	2
203737	1	3
203737	1	4
203737	1	5
203737	1	6
203737	1	7
203737	1	8
203737	1	9
203737	1	10
203737	1	11
203737	2	1
203737	2	2
203737	2	3
203737	2	4
203737	2	5
203737	2	6
203737	2	7
203737	2	8
203737	2	9
203737	2	10
203737	2	11
203737	2	12
203737	2	13
204024	1	1
228721	1	1
228721	1	2
228721	1	3
228721	1	4
228721	1	5
228721	1	6
228721	1	7
228721	1	8
228721	1	9
228721	1	10
228721	1	11
228721	1	12
228721	1	13
228721	1	14
228721	1	15
228721	1	16
228721	1	17
228721	1	18
228721	1	19
228721	1	20
228721	1	21
228721	1	22
228721	1	23
228721	1	24
228721	1	25
228721	1	26
228721	2	1
228721	2	2
228721	2	3
228721	2	4
228721	2	5
228721	2	6
228721	2	7
228721	2	8
228721	2	9
228721	2	10
228721	2	11
228721	2	12
228721	2	13
228721	2	14
228721	2	15
228721	2	16
228721	2	17
228721	2	18
133387	1	1
298103	1	1
298103	1	2
298103	1	3
298103	1	4
298103	1	5
323839	1	1
312020	1	1
312020	1	2
312020	1	3
312020	1	4
16097	1	1
16097	1	2
16097	1	3
16097	1	4
16097	1	5
16097	1	6
16097	1	7
16097	1	8
16097	1	9
16097	1	10
16097	1	11
16097	1	12
16097	1	13
16097	1	14
16097	1	15
16097	1	16
16097	1	17
16097	1	18
16097	1	19
16097	1	20
16097	1	21
16097	1	22
16097	1	23
16097	1	24
16097	1	25
16097	1	26
16097	2	1
16097	2	2
16097	2	3
16097	2	4
16097	2	5
16097	2	6
16097	2	7
16097	2	8
16097	2	9
16097	2	10
16097	2	11
16097	2	12
16097	2	13
16097	2	14
16097	2	15
16097	2	16
16097	2	17
16097	2	18
16097	2	19
16097	2	20
16097	2	21
16097	2	22
16097	2	23
16097	2	24
16097	2	25
6670	1	1
6670	1	2
6670	1	3
6670	1	4
6670	1	5
6670	1	6
6670	1	7
6670	1	8
6670	1	9
6670	1	10
6670	1	11
6670	1	12
6670	1	13
936	1	1
936	1	2
936	1	3
936	1	4
936	1	5
936	1	6
936	1	7
936	1	8
936	1	9
936	1	10
936	1	11
936	1	12
936	1	13
936	1	14
936	1	15
936	1	16
286345	1	1
286345	1	2
315054	1	1
312266	1	1
312266	1	2
98865	1	1
98865	1	2
98865	1	3
98865	1	4
98865	1	5
99778	1	1
99778	1	2
99778	1	3
99778	1	4
99778	1	5
99778	1	6
99778	1	7
99778	1	8
99778	1	9
99778	1	10
99778	1	11
99778	1	12
99778	1	13
116727	1	1
116727	1	2
116727	1	3
116727	1	4
116727	1	5
116727	1	6
116727	1	7
116727	1	8
116727	1	9
116727	1	10
116727	1	11
116727	1	12
116727	1	13
296101	1	1
296101	1	2
309974	1	1
309974	1	2
309974	1	3
309974	1	4
309974	1	5
284581	1	1
298831	1	1
250008	1	1
250008	1	2
250008	1	3
250008	1	4
250008	1	5
66958	1	1
66958	1	2
66958	1	3
66958	1	4
66958	1	5
66958	1	6
66958	1	7
66958	1	8
66958	1	9
66958	1	10
66958	1	11
66958	1	12
66958	1	13
34751	1	1
34751	1	2
34751	1	3
34751	1	4
34751	1	5
34751	1	6
34751	1	7
34751	1	8
34751	1	9
34751	1	10
34751	1	11
34751	1	12
34751	1	13
34751	1	14
34751	1	15
34751	1	16
34751	1	17
34751	1	18
34751	1	19
34751	1	20
34751	1	21
34751	1	22
34751	1	23
34751	1	24
117120	1	1
285574	1	1
285574	1	2
285574	1	3
285574	1	4
285574	1	5
255358	1	1
255358	1	2
314054	1	1
314054	1	2
326119	1	1
326119	1	2
326119	1	3
326119	1	4
326119	1	5
297826	1	1
297826	1	2
297826	1	3
297826	1	4
297826	1	5
112667	1	1
112667	1	2
112667	1	3
112667	1	4
112667	1	5
112667	1	6
112667	1	7
112667	1	8
112667	1	9
112667	1	10
112667	1	11
112667	1	12
312507	1	1
312507	1	2
312507	1	3
312507	1	4
312507	1	5
312507	1	6
314554	1	1
314554	1	2
314554	1	3
314554	1	4
314554	1	5
314554	1	6
314554	1	7
312949	1	1
312949	1	2
312949	1	3
312949	1	4
312949	1	5
312949	1	6
270603	1	1
270603	1	2
270603	1	3
270603	1	4
270603	1	5
270603	1	6
308874	1	1
308874	1	2
308874	1	3
308874	1	4
308874	1	5
308874	1	6
326844	1	1
326844	1	2
326844	1	3
326844	1	4
326844	1	5
326844	1	6
326844	1	7
326844	1	8
326844	1	9
326844	1	10
326844	1	11
326844	1	12
326844	1	13
296437	1	1
296437	1	2
296437	1	3
296437	1	4
296437	1	5
296437	1	6
302051	1	1
302051	1	2
307585	1	1
307585	1	2
307585	1	3
307585	1	4
307585	1	5
307585	1	6
137643	1	1
137643	1	2
137643	1	3
137643	1	4
137643	1	5
137643	1	6
137643	1	7
137643	1	8
285993	1	1
285993	1	2
285993	1	3
285993	1	4
285993	1	5
324335	1	1
324335	1	2
324335	1	3
312849	1	1
293489	1	1
287075	1	1
287075	1	2
287075	1	3
287075	1	4
287075	1	5
287075	1	6
302824	1	1
287028	1	1
287028	1	2
287028	1	3
287028	1	4
308403	1	1
308403	1	2
308403	1	3
300267	1	1
153217	1	1
153217	1	2
153217	1	3
295071	1	1
295071	1	2
295071	1	3
109805	1	1
109805	1	2
109805	1	3
109805	1	4
109805	1	5
109805	1	6
109805	1	7
109805	1	8
109805	1	9
109805	1	10
109805	1	11
109805	1	12
109805	2	1
109805	2	2
109805	2	3
296436	1	1
296436	1	2
296436	1	3
296436	1	4
298994	1	1
298994	1	2
298994	1	3
298994	1	4
298994	1	5
298994	1	6
298994	1	7
254101	1	1
254101	1	2
254101	1	3
254101	1	4
254101	1	5
254101	1	6
254101	1	7
254101	1	8
254101	1	9
254101	1	10
254101	1	11
254101	1	12
254101	1	13
254101	1	14
254101	1	15
254101	1	16
254101	1	17
254101	1	18
254101	1	19
254101	1	20
254101	1	21
254101	1	22
254101	1	23
254101	1	24
254101	1	25
254101	1	26
204137	1	1
204137	1	2
204137	1	3
204137	1	4
204137	1	5
204137	1	6
204137	1	7
204137	1	8
204137	1	9
204137	1	10
204137	1	11
204137	1	12
204137	1	13
204137	1	14
204137	1	15
204137	1	16
204137	1	17
204137	1	18
204137	1	19
204137	1	20
204137	1	21
204137	1	22
284029	1	1
284029	1	2
284029	1	3
284029	1	4
138987	1	1
138987	1	2
138987	1	3
138987	1	4
138987	1	5
138987	1	6
138987	1	7
138987	1	8
138987	1	9
138987	1	10
138987	1	11
138987	1	12
138987	1	13
138987	1	14
138987	1	15
138987	1	16
138987	1	17
138987	1	18
138987	1	19
138987	1	20
138987	1	21
138987	1	22
138987	1	23
138987	1	24
138987	1	25
138987	2	1
138987	2	2
138987	2	3
138987	2	4
138987	2	5
138987	2	6
138987	2	7
138987	2	8
138987	2	9
138987	2	10
138987	2	11
138987	2	12
138987	2	13
138987	2	14
138987	2	15
138987	2	16
138987	2	17
138987	2	18
138987	2	19
138987	2	20
138987	2	21
138987	2	22
138987	2	23
138987	2	24
138987	3	1
138987	3	2
138987	3	3
138987	3	4
138987	3	5
138987	3	6
138987	3	7
138987	3	8
138987	3	9
138987	3	10
138987	3	11
138987	3	12
274622	1	1
274622	1	2
274622	1	3
274622	1	4
274622	1	5
274622	1	6
274622	1	7
274622	1	8
274622	1	9
274622	1	10
274622	1	11
274622	1	12
274622	1	13
201478	1	1
201478	1	2
201478	1	3
201478	1	4
201478	1	5
201478	1	6
201478	1	7
201478	1	8
201478	1	9
201478	1	10
201478	1	11
201478	1	12
201478	1	13
201478	1	14
201478	1	15
201478	1	16
201478	1	17
201478	1	18
201478	1	19
201478	1	20
201478	1	21
201478	1	22
201478	1	23
201478	1	24
201478	1	25
201478	1	26
3303	1	1
3303	1	2
3303	1	3
3303	1	4
3303	1	5
3303	1	6
3303	1	7
3303	1	8
3303	1	9
3303	1	10
3303	1	11
3303	1	12
3303	1	13
3303	1	14
3303	1	15
3303	1	16
3303	1	17
3303	1	18
3303	1	19
285818	1	1
285818	1	2
285818	1	3
285818	1	4
285818	1	5
285818	1	6
285818	1	7
285818	1	8
285818	1	9
285818	1	10
285818	1	11
71785	1	1
71785	1	2
71785	1	3
71785	1	4
71785	1	5
71785	1	6
71785	1	7
71785	1	8
71785	1	9
71785	1	10
71785	1	11
71785	1	12
71785	1	13
71785	1	14
71785	1	15
71785	1	16
71785	1	17
71785	1	18
71785	1	19
71785	1	20
71785	1	21
71785	1	22
71785	1	23
71785	1	24
71785	1	25
71785	1	26
71785	1	27
71785	1	28
71785	1	29
71785	1	30
71785	1	31
71785	1	32
71785	2	1
71785	2	2
71785	2	3
71785	2	4
71785	2	5
71785	2	6
71785	2	7
71785	2	8
71785	2	9
71785	2	10
71785	2	11
71785	2	12
71785	2	13
71785	2	14
71785	2	15
71785	2	16
71785	2	17
71785	2	18
71785	2	19
71785	2	20
71785	2	21
71785	2	22
71785	2	23
71785	2	24
71785	2	25
71785	3	1
71785	3	2
71785	3	3
71785	3	4
71785	3	5
71785	3	6
71785	3	7
71785	3	8
71785	3	9
71785	3	10
71785	3	11
71785	3	12
71785	3	13
71785	3	14
71785	3	15
71785	3	16
71785	3	17
71785	3	18
71785	3	19
71785	3	20
71785	3	21
71785	3	22
71785	3	23
71785	3	24
71785	3	25
71785	4	1
71785	4	2
71785	4	3
71785	4	4
71785	4	5
71785	4	6
71785	4	7
71785	4	8
71785	4	9
71785	4	10
71785	4	11
71785	4	12
71785	4	13
208067	1	1
208067	1	2
208067	1	3
208067	1	4
208067	1	5
208067	1	6
208067	1	7
208067	1	8
208067	1	9
208067	1	10
208067	1	11
208067	1	12
208067	1	13
204135	1	1
204135	1	2
204135	1	3
204135	1	4
204135	1	5
204135	1	6
204135	1	7
204135	1	8
204135	1	9
204135	1	10
204135	1	11
229544	1	1
229544	1	2
229544	1	3
229544	1	4
229544	1	5
229544	1	6
229544	1	7
229544	1	8
229544	1	9
229544	1	10
65842	1	1
65842	1	2
65842	1	3
65842	1	4
65842	1	5
65842	1	6
65842	1	7
65842	1	8
65842	1	9
65842	1	10
65842	1	11
65842	1	12
65842	1	13
65842	1	14
65842	1	15
65842	1	16
65842	1	17
65842	1	18
65842	1	19
65842	1	20
65842	1	21
65842	1	22
35894	1	1
35894	1	2
35894	1	3
35894	1	4
35894	1	5
35894	1	6
35894	1	7
35894	1	8
35894	1	9
35894	1	10
35894	1	11
35894	1	12
35894	1	13
35894	1	14
35894	1	15
35894	1	16
35894	1	17
35894	1	18
35894	1	19
35894	1	20
35894	1	21
35894	1	22
35894	1	23
35894	1	24
35894	1	25
35894	1	26
35894	1	27
35894	1	28
35894	1	29
35894	1	30
35894	1	31
35894	1	32
35894	1	33
35894	1	34
35894	1	35
35894	1	36
35894	1	37
35894	1	38
35894	1	39
35894	1	40
35894	1	41
35894	1	42
35894	1	43
35894	1	44
35894	1	45
35894	1	46
35894	1	47
35894	1	48
35894	1	49
35894	1	50
35894	1	51
35894	1	52
38247	1	1
38247	1	2
38247	1	3
38247	1	4
38247	1	5
38247	1	6
38247	1	7
38247	1	8
38247	1	9
38247	1	10
38247	1	11
38247	1	12
290295	1	1
290295	1	2
290295	1	3
290295	1	4
290295	1	5
290295	1	6
290295	1	7
290295	1	8
290295	1	9
290295	1	10
95073	1	1
95073	1	2
95073	1	3
95073	1	4
95073	1	5
95073	1	6
95073	1	7
95073	1	8
95073	1	9
95073	1	10
95073	1	11
95073	1	12
102432	1	1
102432	1	2
102432	1	3
102432	1	4
102432	1	5
102432	1	6
102432	1	7
102432	1	8
102432	1	9
102432	1	10
297438	1	1
297438	1	2
297438	1	3
297438	1	4
297438	1	5
297438	1	6
297438	1	7
297438	1	8
297438	1	9
297438	1	10
297438	1	11
387	1	1
387	1	2
387	1	3
387	1	4
387	1	5
387	1	6
387	1	7
387	1	8
387	1	9
387	1	10
387	1	11
387	1	12
387	1	13
387	1	14
387	1	15
387	1	16
387	1	17
387	1	18
387	1	19
387	1	20
387	2	1
387	2	2
387	2	3
387	2	4
387	2	5
387	2	6
387	2	7
387	2	8
387	2	9
387	2	10
387	2	11
387	2	12
387	2	13
387	2	14
387	2	15
387	2	16
387	2	17
387	2	18
387	3	1
387	3	2
387	3	3
387	3	4
387	3	5
387	3	6
387	3	7
387	3	8
387	3	9
387	3	10
387	3	11
387	3	12
387	3	13
387	3	14
387	3	15
387	3	16
387	3	17
387	3	18
387	3	19
387	3	20
387	4	1
387	4	2
387	4	3
387	4	4
387	4	5
387	4	6
387	4	7
387	4	8
387	4	9
387	4	10
387	4	11
387	4	12
387	4	13
387	4	14
387	4	15
387	4	16
387	4	17
387	4	18
387	4	19
387	4	20
387	5	1
387	5	2
387	5	3
387	5	4
387	5	5
387	5	6
387	5	7
387	5	8
387	5	9
387	5	10
387	5	11
387	5	12
387	5	13
387	5	14
387	5	15
387	5	16
387	5	17
387	5	18
387	5	19
387	5	20
387	6	1
387	6	2
387	6	3
387	6	4
387	6	5
387	6	6
387	6	7
387	6	8
387	6	9
387	6	10
387	6	11
387	6	12
387	6	13
387	6	14
387	6	15
387	6	16
387	6	17
387	6	18
387	6	19
387	6	20
387	7	1
387	7	2
387	7	3
387	7	4
387	7	5
387	7	6
387	7	7
387	7	8
387	7	9
387	7	10
387	7	11
387	7	12
387	7	13
387	7	14
387	7	15
387	7	16
387	7	17
387	7	18
387	7	19
387	7	20
387	7	21
387	7	22
387	7	23
387	7	24
387	7	25
387	7	26
387	8	1
387	8	2
387	8	3
387	8	4
387	8	5
387	8	6
387	8	7
387	8	8
387	8	9
387	8	10
387	8	11
387	8	12
387	8	13
387	8	14
387	8	15
387	8	16
387	8	17
387	8	18
387	8	19
387	8	20
387	8	21
387	8	22
387	8	23
387	8	24
387	8	25
387	9	1
387	9	2
387	9	3
387	9	4
387	9	5
387	9	6
387	9	7
387	9	8
387	9	9
387	9	10
387	9	11
387	9	12
387	9	13
387	9	14
387	9	15
387	9	16
387	9	17
387	9	18
387	9	19
387	9	20
387	9	21
387	9	22
387	9	23
387	9	24
387	9	25
387	9	26
387	10	1
387	10	2
387	10	3
387	10	4
387	10	5
387	10	6
387	10	7
387	10	8
387	10	9
387	10	10
387	10	11
387	11	1
387	11	2
387	11	3
387	11	4
387	11	5
387	11	6
387	11	7
387	11	8
387	11	9
387	11	10
387	11	11
387	11	12
387	11	13
387	11	14
387	11	15
387	11	16
387	11	17
387	11	18
387	11	19
387	11	20
387	11	21
387	11	22
387	11	23
387	11	24
387	11	25
387	11	26
387	12	1
387	12	2
387	12	3
387	12	4
387	12	5
387	12	6
387	12	7
387	12	8
387	12	9
387	12	10
387	12	11
387	12	12
387	12	13
387	12	14
387	12	15
387	12	16
387	12	17
387	12	18
387	12	19
387	12	20
387	12	21
387	12	22
387	12	23
387	12	24
387	12	25
387	12	26
387	13	1
387	13	2
387	13	3
387	13	4
387	13	5
387	13	6
387	13	7
387	13	8
387	13	9
387	13	10
387	13	11
387	13	12
387	13	13
387	13	14
387	13	15
387	13	16
387	13	17
387	13	18
387	13	19
387	13	20
387	13	21
387	13	22
387	14	1
387	14	2
387	14	3
387	14	4
387	14	5
387	14	6
387	14	7
387	14	8
387	14	9
387	14	10
387	14	11
387	14	12
387	15	1
387	15	2
387	15	3
387	15	4
387	15	5
387	15	6
387	15	7
387	15	8
387	15	9
387	15	10
387	15	11
387	15	12
387	15	13
387	16	1
387	16	2
387	16	3
387	16	4
387	16	5
248951	1	1
248951	1	2
248951	1	3
248951	1	4
248951	1	5
248951	1	6
248951	1	7
248951	1	8
248951	1	9
248951	1	10
248951	1	11
248951	1	12
121947	1	1
121947	1	2
121947	1	3
121947	1	4
121947	1	5
121947	1	6
121947	1	7
121947	1	8
121947	1	9
121947	1	10
121947	1	11
121947	1	12
256695	1	1
256695	1	2
256695	1	3
256695	1	4
256695	1	5
256695	1	6
256695	1	7
256695	1	8
256695	1	9
261780	1	1
261780	1	3
261780	1	4
261780	1	6
261780	1	7
316945	1	1
316945	1	2
316945	1	3
316945	1	4
316945	1	5
316945	1	6
316945	1	7
316945	1	8
227950	1	1
227950	1	2
227950	1	3
227950	1	4
227950	1	5
227950	1	6
227950	2	1
227950	2	2
227950	2	3
227950	2	4
227950	2	5
227950	2	6
227950	2	7
227950	2	8
227950	3	1
227950	3	2
227950	3	3
227950	3	4
227950	3	5
478	1	1
478	1	2
478	1	3
478	1	4
478	1	5
478	1	6
478	1	7
478	1	8
478	1	9
478	1	10
478	1	11
478	1	12
478	1	13
478	1	14
478	1	15
478	1	16
478	1	17
478	1	18
478	1	19
478	1	20
478	1	21
478	1	22
478	1	23
478	1	24
478	1	25
478	1	26
2579	1	1
2579	1	2
2579	1	3
2579	1	4
2579	1	5
2579	1	6
2579	1	7
2579	1	8
2579	1	9
2579	1	10
2579	1	11
2579	1	12
2579	1	13
2579	1	14
2579	1	15
2579	1	16
2579	1	17
2579	1	18
2568	1	2
2568	1	3
2568	1	4
2568	1	5
2568	1	6
2568	1	7
2568	1	8
2568	2	1
2568	2	3
2568	2	4
2568	2	5
26453	1	1
26453	1	2
26453	1	3
26453	1	4
26453	1	5
26453	1	6
26453	1	7
26453	1	8
26453	1	9
26453	1	10
26453	1	11
26453	1	12
26453	1	13
26453	1	14
26453	1	15
26453	1	16
26453	1	17
26453	1	18
26453	1	19
26453	1	20
26453	1	21
26453	1	22
26453	1	23
26453	1	24
26453	1	25
26453	1	26
82456	1	1
82456	1	2
82456	1	3
82456	1	4
82456	1	5
82456	1	6
82456	1	7
82456	1	8
82456	1	9
82456	1	10
82456	1	11
82456	1	12
82456	1	13
82456	2	1
82456	2	2
82456	2	3
82456	2	4
82456	2	5
82456	2	6
82456	2	7
82456	2	8
82456	2	9
82456	2	10
82456	2	11
82456	2	12
82456	2	13
82456	3	1
82456	3	2
82456	3	3
82456	3	4
82456	3	5
82456	3	6
82456	3	7
82456	3	8
296232	1	1
296232	1	2
296232	1	3
296232	1	4
296232	1	5
296232	1	6
296232	1	7
296232	1	8
296232	1	9
296232	1	10
296232	1	11
296232	1	12
296232	1	13
286361	1	1
286361	1	2
286361	1	3
61838	1	1
61838	1	2
61838	1	3
61838	1	4
61838	1	5
61838	1	6
61838	1	7
61838	1	8
61838	1	9
61838	1	10
61838	1	11
61838	1	12
196285	1	1
196285	1	2
196285	1	3
196285	1	4
196285	1	5
196285	1	6
196285	1	7
196285	1	8
196285	1	9
196285	1	10
196285	1	11
196285	1	12
196285	2	1
196285	2	2
196285	2	3
196285	2	4
196285	2	5
196285	2	6
196285	2	7
196285	2	8
196285	2	9
196285	2	10
196285	2	11
312522	1	1
312522	1	2
312522	1	3
312522	1	4
312522	1	5
312522	1	6
312522	1	7
312522	1	8
312522	1	9
305567	1	1
305567	1	2
305567	1	3
305567	1	4
305567	1	5
305567	1	6
305567	1	7
305567	1	8
305567	1	9
305567	1	10
295751	1	1
295751	1	2
295751	1	3
295751	1	4
295751	1	5
295751	1	6
295751	1	7
283888	1	1
283888	1	2
283888	1	3
283888	1	4
283888	1	5
283888	1	6
283888	1	7
283888	1	8
283888	1	9
306790	1	1
306790	1	2
306790	1	3
306790	1	4
306790	1	5
306790	1	6
273467	1	1
273467	1	2
273467	1	3
273467	1	4
273467	1	5
273467	1	6
273467	1	7
273467	1	8
273467	1	9
273467	1	10
273467	1	11
273467	1	12
316832	1	1
316832	1	2
316832	1	3
316832	1	4
316832	1	5
316832	1	6
316832	1	7
316832	1	8
316832	1	9
316832	1	10
320619	1	1
320619	1	2
320619	1	3
320619	1	4
320619	1	5
320619	1	6
320619	1	7
320619	1	8
320619	1	9
320619	1	10
229858	1	1
229858	1	2
229858	1	3
229858	1	4
229858	1	5
229858	1	6
229858	1	7
229858	1	8
229858	1	9
229858	1	10
229858	1	11
229858	1	12
229858	1	13
291414	1	1
291414	1	2
291414	1	3
291414	1	4
291414	1	5
291414	1	6
291414	1	7
291414	1	8
291414	1	9
224263	1	1
224263	1	2
224263	1	3
224263	1	4
224263	1	5
224263	1	6
224263	1	7
224263	1	8
224263	1	9
224263	1	10
91343	1	1
91343	1	2
91343	1	3
91343	1	4
91343	1	5
91343	1	6
91343	1	7
91343	1	8
91343	1	9
91343	1	10
91343	1	11
91343	1	12
83103	1	1
83103	1	2
83103	1	3
83103	1	4
83103	1	5
83103	1	6
83103	1	7
83103	1	8
83103	1	9
83103	1	10
83103	1	11
83103	1	12
42917	1	1
42917	1	2
42917	1	3
42917	1	4
42917	1	5
42917	1	6
42917	1	7
42917	1	8
42917	1	9
42917	1	10
42917	1	11
42917	1	12
42917	1	13
277513	1	1
277513	1	2
277513	1	3
277513	1	4
277513	1	5
277513	1	6
277513	1	7
277513	1	8
277513	1	9
277513	1	10
277513	1	11
277513	1	12
277513	1	13
277513	1	14
277513	1	15
277513	1	16
272073	1	1
272073	1	2
272073	1	3
272073	1	4
272073	1	5
272073	1	6
272073	1	7
272073	1	8
272073	1	9
272073	1	10
272073	1	11
272073	1	12
272073	1	13
272073	1	14
272073	1	15
272073	1	16
272073	1	17
272073	1	18
272073	1	19
272073	1	20
272073	1	21
272073	1	22
272073	1	23
272073	1	24
272073	1	25
272073	1	26
309163	1	1
309163	1	2
309163	1	3
309163	1	4
309163	1	5
309163	1	6
309163	1	7
309163	1	8
309163	1	9
309163	1	10
309163	1	11
309163	1	12
85065	1	1
85065	1	2
85065	1	3
85065	1	4
85065	1	5
85065	1	6
85065	1	7
85065	1	8
85065	1	9
85065	1	10
207347	1	1
207347	1	2
207347	1	3
207347	1	4
207347	1	5
207347	1	6
207347	1	7
207347	1	8
207347	1	9
207347	1	10
207347	1	11
207347	1	12
207347	1	13
207347	1	14
207347	1	15
207347	1	16
207347	1	17
207347	1	18
207347	1	19
207347	1	20
207347	1	21
207347	1	22
207347	1	23
207347	1	24
207347	1	25
293697	1	1
293697	1	2
293697	1	3
293697	1	4
293697	1	5
293697	1	6
293697	1	7
293697	1	8
293697	1	9
293697	1	10
293697	1	11
290019	1	1
290019	1	2
290019	1	3
290019	1	4
290019	1	5
290019	1	6
290019	1	7
290019	1	8
290019	1	9
290019	1	10
284568	1	1
284568	1	2
284568	1	3
284568	1	4
284568	1	5
284568	1	6
284568	1	7
284568	1	8
284568	1	9
284568	1	10
284568	1	11
284568	1	12
300054	1	1
300054	1	2
300054	1	3
300054	1	4
300054	1	5
300054	1	6
300054	1	7
300054	1	8
300054	1	9
300054	1	10
300054	1	11
300054	1	12
300054	1	13
300054	1	14
300054	1	15
300054	1	16
300054	1	17
300054	1	18
300054	1	19
300054	1	20
300054	1	21
300054	1	22
300054	1	23
300054	1	24
300054	1	25
306721	1	1
306721	1	2
306721	1	3
306721	1	4
306721	1	5
306721	1	6
306721	1	7
306721	1	8
306721	1	9
306721	1	10
306721	1	11
306721	1	12
306721	1	13
306721	1	14
306721	1	15
306721	1	16
306721	1	17
306721	1	18
306721	1	19
306721	1	20
306721	1	21
306721	1	22
283428	1	1
283428	1	2
283428	1	3
283428	1	4
283428	1	5
283428	1	6
283428	1	7
283428	1	8
283428	1	9
283428	1	10
283428	1	11
283428	1	12
283428	1	13
283428	1	14
299144	1	1
299144	1	2
299144	1	3
299144	1	4
299144	1	5
299144	1	6
299144	1	7
196950	1	1
196950	1	2
196950	1	3
196950	1	4
196950	1	5
196950	1	6
196950	1	7
196950	1	8
196950	1	9
196950	1	10
196950	1	11
196950	1	12
196950	1	13
288590	1	1
288590	1	2
288590	1	3
288590	1	4
288590	1	5
288590	1	6
288590	1	7
288590	1	8
288590	1	9
288590	1	10
288590	1	11
91768	1	1
91768	1	2
91768	1	3
91768	1	4
91768	1	5
91768	1	6
91768	1	7
91768	1	8
91768	1	9
91768	1	10
91768	1	11
91768	1	12
91768	1	13
91768	1	14
91768	2	1
91768	2	2
91768	2	3
91768	2	4
91768	2	5
91768	2	6
91768	2	7
91768	2	8
91768	2	9
91768	2	10
91768	2	11
91768	2	12
91768	3	1
91768	3	2
91768	3	3
91768	3	4
91768	3	5
91768	3	6
91768	3	7
91768	3	8
91768	3	9
91768	3	10
91768	4	1
91768	4	2
91768	4	3
91768	4	4
91768	4	5
91768	4	6
91768	4	7
91768	4	8
91768	4	9
91768	4	10
91768	4	11
91768	4	12
91768	4	13
91768	4	14
283905	1	1
283905	1	2
283905	1	3
283905	1	4
283905	1	5
283905	1	6
283905	1	7
283905	1	8
283905	1	9
283905	1	10
283905	1	11
303796	1	1
303796	1	2
303796	1	3
303796	1	4
303796	1	5
303796	1	6
303796	1	7
303796	1	8
303796	1	9
303796	1	10
303796	1	11
303796	1	12
316424	1	1
316424	1	2
316424	1	3
316424	1	4
316424	1	5
316424	1	6
316424	1	7
316424	1	8
316424	1	9
316424	1	10
316424	1	11
300131	1	1
300131	1	2
300131	1	3
300131	1	4
300131	1	5
300131	1	6
300131	1	7
300131	1	8
300131	1	9
300131	1	10
300131	1	11
300131	1	12
312293	1	1
312293	1	2
312293	1	3
312293	1	4
312293	1	5
312293	1	6
312293	1	7
312293	1	8
296870	1	1
296870	1	2
296870	1	3
296870	1	4
296870	1	5
296870	1	6
296870	1	7
296870	1	8
296870	1	9
296870	1	10
296870	1	11
300126	1	1
300126	1	2
300126	1	3
300126	1	4
300126	1	5
300126	1	6
300126	1	7
300126	1	8
300126	1	9
300126	1	10
300126	1	11
300126	1	12
300126	1	13
300126	1	14
300126	1	15
300126	1	16
300126	1	17
300126	1	18
295999	1	1
295999	1	2
295999	1	3
295999	1	4
295999	1	5
295999	1	6
295999	1	7
295999	1	8
295999	1	9
295999	1	10
295999	1	11
295999	1	12
295999	1	13
295999	1	14
295999	1	15
295999	1	16
295999	1	17
295999	1	18
295999	1	19
305329	1	1
305329	1	2
305329	1	3
305329	1	4
305329	1	5
305329	1	6
305329	1	7
305329	1	8
305329	1	9
305329	1	10
305329	1	11
297557	1	1
297557	1	2
297557	1	3
297557	1	4
297557	1	5
297557	1	6
297557	1	7
297557	1	8
297557	1	9
297557	1	10
297557	1	11
297557	1	12
297557	1	13
297557	1	14
297557	1	15
306121	1	1
306121	1	2
306121	1	3
306121	1	4
306121	1	5
306121	1	6
306121	1	7
306121	1	8
306121	1	9
306121	1	10
306121	1	11
306121	1	12
306121	1	13
306121	1	14
306121	1	15
306121	1	16
306121	1	17
288551	1	1
288551	1	2
288551	1	3
288551	1	4
288551	1	5
288551	1	6
288551	1	7
288551	1	8
288551	1	9
288551	1	10
288551	1	11
284447	1	1
284447	1	2
284447	1	3
284447	1	4
284447	1	5
284447	1	6
284447	1	7
284447	1	8
284447	1	9
284447	1	10
284447	1	11
284447	1	12
129600	1	1
129600	1	2
129600	1	3
129600	1	4
129600	1	5
129600	1	6
129600	1	7
129600	1	8
129600	1	9
129600	1	10
129600	1	11
129600	1	12
129600	2	1
129600	2	2
129600	2	3
129600	2	4
129600	2	5
129600	2	6
129600	2	7
129600	2	8
129600	2	9
129600	2	10
129600	2	11
129600	2	12
129600	2	13
129600	2	14
129600	2	15
129600	2	16
129600	2	17
129600	2	18
129600	2	19
129600	2	20
129600	2	21
129600	2	22
129600	2	23
129600	2	24
129600	2	25
129600	2	26
129600	2	27
72509	1	1
72509	1	2
72509	1	3
72509	1	4
72509	1	5
72509	1	6
72509	1	7
72509	1	8
72509	1	9
72509	1	10
72509	1	11
72509	1	12
316973	1	1
316973	1	2
316973	1	3
316973	1	4
316973	1	5
316973	1	6
316973	1	7
291403	1	1
291403	1	2
291403	1	3
291403	1	4
291403	1	5
291403	1	6
291403	1	7
291403	1	8
291403	1	9
291403	1	10
291403	1	11
291403	1	12
305386	1	1
305386	1	2
305386	1	3
305386	1	4
305386	1	5
305386	1	6
305386	1	7
305386	1	8
305386	1	9
305386	1	10
305386	1	11
305386	1	12
305386	1	13
305386	1	14
305386	1	15
305386	1	16
305386	1	17
305386	1	18
305386	1	19
305386	1	20
305386	1	21
305386	1	22
305386	1	23
305386	1	24
305386	1	25
305386	1	26
305386	1	27
305386	1	28
305386	1	29
305386	1	30
305386	1	31
305386	1	32
305386	1	33
305386	1	34
305386	1	35
305386	1	36
72517	1	1
72517	1	2
72517	1	3
72517	1	4
72517	1	5
72517	1	6
72517	1	7
72517	1	8
72517	1	9
72517	1	10
72517	1	11
72517	1	12
72517	2	1
72517	2	2
72517	2	3
72517	2	4
72517	2	5
72517	2	6
72517	2	7
72517	2	8
72517	2	9
72517	2	10
72517	2	11
72517	2	12
72517	2	13
72517	3	1
72517	3	2
72517	3	3
72517	3	4
72517	3	5
72517	3	6
72517	3	7
72517	3	8
72517	3	9
72517	3	10
72517	3	11
72517	3	12
72517	3	13
72517	4	1
72517	4	2
72517	4	3
72517	4	4
72517	4	5
72517	4	6
72517	4	7
72517	4	8
72517	4	9
72517	4	10
72517	4	11
72517	4	12
72517	4	13
72517	4	14
72517	4	15
72517	4	16
260463	1	1
260463	1	2
260463	1	3
260463	1	4
260463	1	5
260463	1	6
260463	1	7
260463	1	8
260463	1	9
260463	1	10
260463	1	11
260463	1	12
260463	1	13
260463	1	14
260463	1	15
260463	1	16
260463	1	17
260463	1	18
312474	1	1
312474	1	2
312474	1	3
312474	1	4
312474	1	5
312474	1	6
312474	1	7
312474	1	8
312474	1	9
312474	1	10
312474	1	11
216	1	1
216	1	2
216	1	3
216	1	4
216	1	5
216	1	6
216	1	7
216	1	8
216	1	9
216	1	10
216	1	11
216	1	12
216	1	13
216	2	1
216	2	2
216	2	3
216	2	4
216	2	5
216	2	6
216	2	7
216	2	8
216	2	9
216	2	10
216	2	11
216	2	12
216	2	13
216	3	1
216	3	2
216	3	3
216	3	4
216	3	5
216	3	6
216	3	7
216	3	8
216	3	9
216	3	10
216	3	11
216	3	12
216	3	13
63522	1	1
63522	1	2
63522	1	3
63522	1	4
63522	1	5
63522	1	6
63522	2	1
63522	2	2
63522	2	3
63522	2	4
63522	2	5
63522	2	6
63522	2	7
63522	2	8
63522	2	9
63522	2	10
63522	3	1
63522	3	2
63522	3	3
63522	3	4
63522	3	5
63522	3	6
63522	3	7
63522	3	8
63522	3	9
63522	3	10
63522	4	1
63522	4	2
63522	4	3
63522	4	4
63522	4	5
63522	4	6
63522	4	7
63522	4	8
63522	4	9
63522	4	10
63522	5	1
63522	5	2
63522	5	3
63522	5	4
63522	5	5
63522	5	6
63522	5	7
63522	5	8
40044	1	1
40044	1	2
40044	1	3
40044	1	4
40044	1	5
40044	1	6
40044	1	7
40044	1	8
40044	1	9
40044	1	10
40044	1	11
40044	1	12
40044	1	13
40044	1	14
40044	1	15
40044	1	16
40044	1	17
40044	1	18
40044	1	19
40044	1	20
40044	1	21
40044	1	22
40044	1	23
40044	1	24
40044	1	25
40044	1	26
890	1	1
890	1	2
890	1	3
890	1	4
890	1	5
890	1	6
890	1	7
890	1	8
890	1	9
890	1	10
890	1	11
890	1	12
890	1	13
890	1	14
890	1	15
890	1	16
890	1	17
890	1	18
890	1	19
890	1	20
890	1	21
890	1	22
890	1	23
890	1	24
890	1	25
890	1	26
13800	1	1
13800	1	2
13800	1	3
13800	1	4
13800	1	5
13800	1	6
13800	1	7
13800	1	8
13800	1	9
13800	1	10
13800	1	11
13800	1	12
13800	1	13
289219	1	1
289219	1	2
289219	1	3
289219	1	4
289219	1	5
289219	1	6
289219	1	7
289219	1	8
289219	1	9
289219	1	10
301944	1	1
301944	1	2
301944	1	3
301944	1	4
301944	1	5
301944	1	6
301944	1	7
301944	1	8
301944	1	9
301944	1	10
301944	1	11
301944	1	12
94404	1	1
94404	1	2
94404	1	3
94404	1	4
94404	1	5
94404	1	6
94404	1	7
94404	1	8
94404	1	9
94404	1	10
94404	1	11
94404	1	12
94404	1	13
94404	2	1
94404	2	2
94404	2	3
94404	2	4
94404	2	5
94404	2	6
94404	2	7
94404	2	8
94404	2	9
94404	2	10
94404	2	11
274671	1	1
274671	1	2
274671	1	3
274671	1	4
274671	1	5
274671	1	6
274671	1	7
274671	1	8
274671	1	9
274671	1	10
274671	1	11
274671	1	12
274671	2	1
274671	2	2
274671	2	3
274671	2	4
274671	2	5
274671	2	6
274671	2	7
274671	2	8
274671	2	9
274671	2	10
274671	2	11
274671	2	12
304820	1	1
304820	1	2
304820	1	3
304820	1	4
304820	1	5
304820	1	6
304820	1	7
304820	1	8
304820	1	9
304820	1	10
304820	1	11
304820	1	12
303434	1	1
303434	1	2
303434	1	3
303434	1	4
303434	1	5
303434	1	6
303434	1	7
303434	1	8
303434	1	9
303434	1	10
303434	1	11
303434	1	12
286291	1	1
286291	1	2
286291	1	3
286291	1	4
286291	1	5
286291	1	6
286291	1	7
286291	1	8
286291	1	9
286291	1	10
286291	1	11
286291	1	12
280049	1	1
280049	1	2
280049	1	3
280049	1	4
280049	1	5
280049	1	6
280049	1	7
280049	1	8
280049	1	9
280049	1	10
280049	1	11
280049	2	1
280049	2	2
280049	2	3
280049	2	4
280049	2	5
280049	2	6
259544	1	1
259544	1	2
259544	1	3
259544	1	4
259544	1	5
259544	1	6
259544	1	7
259544	1	8
259544	1	9
259544	1	10
259544	1	11
259544	1	12
259544	1	13
259544	1	14
259544	1	15
259544	1	16
259544	1	17
259544	1	18
259544	1	19
259544	1	20
259544	1	21
259544	1	22
259544	1	23
259544	1	24
287591	1	1
287591	1	2
287591	1	3
287591	1	4
287591	1	5
287591	1	6
287591	1	7
287591	1	8
287591	1	9
287591	1	10
287591	1	11
287591	1	12
275902	1	1
275902	1	2
275902	1	3
275902	1	4
275902	1	5
275902	1	6
275902	1	7
275902	1	8
275902	1	9
275902	1	10
275902	1	11
154526	1	1
154526	1	2
154526	1	3
154526	1	4
154526	1	5
154526	1	6
154526	1	7
154526	1	8
154526	1	9
154526	1	10
154526	1	11
154526	1	12
154526	2	1
154526	2	2
154526	2	3
154526	2	4
154526	2	5
154526	2	6
154526	2	7
154526	2	8
154526	2	9
154526	2	10
154526	2	11
154526	2	12
154526	3	1
154526	3	2
154526	3	3
154526	3	4
154526	3	5
154526	3	6
154526	3	7
154526	3	8
154526	3	9
154526	3	10
154526	3	11
154526	3	12
154526	3	13
285291	1	1
285291	1	2
285291	1	3
285291	1	4
285291	1	5
285291	1	6
285291	1	7
285291	1	8
285291	1	9
285291	1	10
285291	1	11
285291	1	12
284432	1	1
284432	1	2
284432	1	3
284432	1	4
284432	1	5
284432	1	6
284432	1	7
284432	1	8
284432	1	9
284432	1	10
284432	1	11
284432	1	12
284432	1	13
284432	1	14
284432	1	15
284432	1	16
284432	1	17
284432	1	18
284432	1	19
284432	1	20
284432	1	21
284432	1	22
284432	1	23
284432	1	24
296851	1	1
296851	1	2
296851	1	3
296851	1	4
296851	1	5
296851	1	6
296851	1	7
296851	1	8
296851	1	9
296851	1	10
296851	1	11
296851	1	12
296851	1	13
296851	1	14
296851	1	15
296851	1	16
296851	1	17
296851	1	18
296851	1	19
296851	1	20
296851	1	21
296851	1	22
296851	1	23
296851	1	24
283891	1	1
283891	1	2
283891	1	3
283891	1	4
283891	1	5
283891	1	6
283891	1	7
283891	1	8
283891	1	9
283891	1	10
283891	1	11
283891	1	12
278271	1	1
278271	1	2
278271	1	3
278271	1	4
278271	1	5
278271	1	6
278271	1	7
278271	1	8
278271	1	9
278271	1	10
278271	1	11
278271	1	12
41676	1	1
41676	1	2
41676	1	3
41676	1	4
41676	1	5
41676	1	6
41676	1	7
41676	1	8
41676	1	9
41676	1	10
41676	1	11
41676	1	12
41676	1	13
41676	1	14
41676	1	15
41676	1	16
41676	1	17
41676	1	18
41676	1	19
41676	1	20
41676	1	21
41676	1	22
41676	1	23
41676	1	24
41676	1	25
41676	1	26
288659	1	1
288659	1	2
288659	1	3
288659	1	4
288659	1	5
288659	1	6
288659	1	7
288659	1	8
288659	1	9
288659	1	10
288659	1	11
288659	1	12
288659	1	13
288659	1	14
299134	1	1
299134	1	2
299134	1	3
299134	1	4
299134	1	5
299134	1	6
299134	1	7
299134	1	8
299134	1	9
299134	1	10
299134	1	11
299134	1	12
303460	1	1
303460	1	2
303460	1	3
303460	1	4
303460	1	5
303460	1	6
303460	1	7
303460	1	8
303460	1	9
303460	1	10
303460	1	11
303460	1	12
606	1	1
606	1	2
606	1	3
606	1	4
606	1	5
606	1	6
606	1	7
606	1	8
606	1	9
606	1	10
606	1	11
606	1	12
606	1	13
606	2	1
606	2	2
606	2	3
606	2	4
606	2	5
606	2	6
606	2	7
606	2	8
606	2	9
606	2	10
606	2	11
606	2	12
606	2	13
606	3	1
606	3	2
606	3	3
606	3	4
606	3	5
606	3	6
606	3	7
606	3	8
606	3	9
606	3	10
606	3	11
606	3	12
606	3	13
606	4	1
606	4	2
606	4	3
606	4	4
606	4	5
606	4	6
606	4	7
606	4	8
606	4	9
606	4	10
606	4	11
606	4	12
606	4	13
606	5	1
606	5	2
606	5	3
606	5	4
606	5	5
606	5	6
606	5	7
606	5	8
606	5	9
606	5	10
606	5	11
606	5	12
606	5	13
606	5	14
606	5	15
606	5	16
606	5	17
606	5	18
606	5	19
606	5	20
606	5	21
606	5	22
606	6	1
606	6	2
74606	1	1
74606	1	2
74606	1	3
74606	1	4
74606	1	5
74606	1	6
74606	1	7
74606	1	8
74606	1	9
74606	1	10
74606	1	11
74606	1	12
74606	1	13
74606	1	14
74606	1	15
74606	1	16
74606	1	17
74606	1	18
74606	1	19
74606	1	20
74606	1	21
74606	1	22
74606	1	23
74606	1	24
74606	1	25
74606	1	26
74606	2	1
74606	2	2
74606	2	3
74606	2	4
74606	2	5
74606	2	6
74606	2	7
74606	2	8
74606	2	9
74606	2	10
74606	2	11
74606	2	12
74606	2	13
74606	2	14
74606	2	15
74606	2	16
74606	2	17
74606	2	18
74606	2	19
74606	2	20
74606	2	21
74606	2	22
74606	2	23
74606	2	24
74606	2	25
74606	3	1
74606	3	2
74606	3	3
74606	3	4
74606	3	5
74606	3	6
74606	3	7
74606	3	8
74606	3	9
74606	3	10
74606	3	11
74606	3	12
74606	3	13
74606	3	14
74606	3	15
74606	3	16
74606	3	17
74606	3	18
74606	3	19
74606	3	20
74606	3	21
74606	3	22
74606	3	23
74606	3	24
74606	3	25
74606	3	26
74606	4	1
74606	4	2
74606	4	3
74606	4	4
74606	4	5
74606	4	6
74606	4	7
74606	4	8
74606	4	9
74606	4	10
74606	4	11
74606	4	12
74606	4	13
74606	4	14
74606	4	15
74606	4	16
74606	4	17
74606	4	18
74606	4	19
74606	4	20
74606	4	21
74606	4	22
74606	4	23
74606	4	24
74606	4	25
74606	4	26
74606	5	1
74606	5	2
74606	5	3
74606	5	4
74606	5	5
74606	5	6
74606	5	7
74606	5	8
74606	5	9
74606	5	10
74606	5	11
74606	5	12
74606	5	13
74606	5	14
74606	5	15
74606	5	16
74606	5	17
74606	5	18
74606	5	19
74606	5	20
74606	5	21
74606	5	22
74606	5	23
2660	1	1
2660	1	2
2660	1	3
2660	1	4
2660	1	5
2660	1	6
2660	1	7
2660	1	8
2660	1	9
2660	1	10
2660	1	11
2660	1	12
2660	1	13
2660	2	1
2660	2	2
2660	2	3
2660	2	4
2660	2	5
2660	2	6
2660	2	7
2660	2	8
2660	2	9
2660	2	10
2660	2	11
2660	2	12
2660	2	13
2660	3	1
2660	3	2
2660	3	3
2660	3	4
2660	3	5
2660	3	6
2660	3	7
2660	3	8
2660	3	9
2660	3	10
2660	3	11
2660	3	12
2660	3	13
2660	4	1
2660	4	2
2660	4	3
2660	4	4
2660	4	5
2660	4	6
2660	4	7
2660	4	8
2660	4	9
2660	4	10
2660	4	11
2660	4	12
2660	4	13
2660	5	1
2660	5	2
2660	5	3
2660	5	4
2660	5	5
2660	5	6
2660	5	7
2660	5	8
2660	5	9
2660	5	10
2660	5	11
2660	5	12
2660	5	13
2660	5	14
234776	1	1
234776	1	2
234776	1	3
234776	1	4
234776	1	5
234776	1	6
234776	1	7
234776	1	8
234776	1	9
234776	1	10
234776	1	11
234776	1	12
234776	1	13
234776	1	14
234776	1	15
234776	1	16
234776	1	17
234776	1	18
234776	1	19
234776	1	20
234776	1	21
234776	1	22
234776	1	23
234776	1	24
234776	2	1
234776	2	2
234776	2	3
234776	2	4
234776	2	5
234776	2	6
234776	2	7
234776	2	8
234776	2	9
234776	2	10
234776	2	11
234776	2	12
234776	2	13
234776	2	14
209867	1	1
209867	1	2
209867	1	3
209867	1	4
209867	1	5
209867	1	6
209867	1	7
209867	1	8
209867	1	9
209867	1	10
209867	1	11
209867	1	12
209867	1	13
209867	1	14
209867	1	15
209867	1	16
209867	1	17
209867	1	18
209867	1	19
209867	1	20
209867	1	21
209867	1	22
209867	1	23
209867	1	24
209867	1	25
209867	1	26
209867	1	27
209867	1	28
209867	2	1
209867	2	2
209867	2	3
209867	2	4
209867	2	5
209867	2	6
209867	2	7
209867	2	8
209867	2	9
209867	2	10
282946	1	1
282946	1	2
282946	1	3
282946	1	4
282946	1	5
282946	1	6
282946	1	7
282946	1	8
282946	1	9
282946	1	10
282946	1	11
282946	1	12
282946	1	13
281161	1	1
281161	1	2
281161	1	3
281161	1	4
281161	1	5
281161	1	6
281161	1	7
281161	1	8
281161	1	9
281161	1	10
281161	1	11
281161	1	12
604	1	1
604	1	2
604	1	3
604	1	4
604	1	5
604	1	6
604	1	7
604	1	8
604	1	9
604	1	10
604	1	11
604	1	12
604	1	13
604	2	1
604	2	2
604	2	3
604	2	4
604	2	5
604	2	6
604	2	7
604	2	8
604	2	9
604	2	10
604	2	11
604	2	12
604	2	13
604	3	1
604	3	2
604	3	3
604	3	4
604	3	5
604	3	6
604	3	7
604	3	8
604	3	9
604	3	10
604	3	11
604	3	12
604	3	13
604	4	1
604	4	2
604	4	3
604	4	4
604	4	5
604	4	6
604	4	7
604	4	8
604	4	9
604	4	10
604	4	11
604	4	12
604	4	13
604	5	1
604	5	2
604	5	3
604	5	4
604	5	5
604	5	6
604	5	7
604	5	8
604	5	9
604	5	10
604	5	11
604	5	12
604	5	13
77293	1	1
77293	1	2
77293	1	3
77293	1	4
77293	1	5
77293	1	6
135918	1	1
135918	1	2
135918	1	3
135918	1	4
135918	1	5
135918	1	6
284444	1	1
284444	1	2
284444	1	3
284444	1	4
284444	1	5
284444	1	6
284444	1	7
284444	1	8
284444	1	9
284444	1	10
284444	1	11
285166	1	1
285166	1	2
285166	1	3
285166	1	4
285166	1	5
285166	1	6
285166	1	7
285166	1	8
285166	1	9
285166	1	10
285166	1	11
285166	1	12
294280	1	1
294280	1	2
294280	1	3
294280	1	4
294280	1	5
294280	1	6
294280	1	7
294280	1	8
294280	1	9
294280	1	10
294280	1	11
294280	1	12
259819	1	1
259819	1	2
259819	1	3
259819	1	4
259819	1	5
259819	1	6
259819	1	7
259819	1	8
259819	1	9
259819	1	10
259819	1	11
259819	1	12
127532	1	1
127532	1	2
127532	1	3
127532	1	4
127532	1	5
127532	1	6
127532	1	7
127532	1	8
127532	1	9
127532	1	10
127532	1	11
127532	1	12
127532	1	13
127532	1	14
127532	1	15
127532	1	16
127532	1	17
127532	1	18
127532	1	19
127532	1	20
127532	1	21
127532	1	22
127532	1	23
127532	1	24
127532	1	25
127532	2	1
127532	2	2
127532	2	3
127532	2	4
127532	2	5
127532	2	6
127532	2	7
127532	2	8
127532	2	9
127532	2	10
127532	2	11
127532	2	12
127532	2	13
285357	1	1
285357	1	2
285357	1	3
285357	1	4
285357	1	5
285357	1	6
285357	1	7
285357	1	8
285357	1	9
285357	1	10
285357	1	11
285357	1	12
289892	1	1
289892	1	2
289892	1	3
289892	1	4
289892	1	5
289892	1	6
289892	1	7
289892	1	8
289892	1	9
289892	2	1
289892	2	2
289892	2	3
289892	2	4
289892	2	5
289892	2	6
289892	2	7
289892	2	8
289892	2	9
289892	2	10
289892	2	11
289892	2	12
306762	1	1
306762	1	2
306762	1	3
306762	1	4
306762	1	5
306762	1	6
306762	1	7
306762	1	8
306762	1	9
306762	1	10
306762	1	11
306762	1	12
306762	1	13
306762	1	14
306762	1	15
306762	1	16
306762	1	17
306762	1	18
306762	1	19
306762	1	20
278043	1	1
278043	1	2
278043	1	3
278043	1	4
278043	1	5
278043	1	6
278043	1	7
278043	1	8
278043	1	9
278043	1	10
278043	1	11
278043	1	12
278043	2	1
278043	2	2
263330	1	1
263330	1	2
263330	1	3
263330	1	4
263330	1	5
263330	1	6
263330	1	7
263330	1	8
263330	1	9
263330	1	10
263330	1	11
263330	1	12
254492	1	1
254492	1	2
254492	1	3
254492	1	4
254492	1	5
254492	1	6
254492	1	7
254492	1	8
254492	1	9
254492	1	10
254492	1	11
254492	1	12
254492	2	1
271609	1	1
271609	1	2
271609	1	3
271609	1	4
271609	1	5
271609	1	6
271609	1	7
271609	1	8
271609	1	9
271609	1	10
271609	1	11
271609	1	12
44305	1	1
44305	1	2
44305	1	3
44305	1	4
44305	1	5
44305	1	6
44305	1	7
44305	1	8
44305	1	9
44305	1	10
44305	1	11
44305	1	12
44305	1	13
44305	1	14
44305	1	15
44305	1	16
44305	1	17
44305	1	18
44305	1	19
44305	1	20
44305	2	1
44305	2	2
44305	2	3
44305	2	4
44305	2	5
44305	2	6
44305	2	7
44305	2	8
44305	2	9
44305	2	10
44305	2	11
44305	2	12
44305	2	13
44305	2	14
44305	2	15
44305	2	16
44305	2	17
44305	2	18
44305	2	19
44305	2	20
84587	1	1
84587	1	2
84587	1	3
84587	1	4
84587	1	5
84587	1	6
84587	1	7
299778	1	1
299778	1	2
299778	1	3
299778	1	4
299778	1	5
299778	1	6
299778	1	7
299778	1	8
302540	1	1
302540	1	2
302540	1	3
302540	1	4
302540	1	5
302540	1	6
302540	1	7
302540	1	8
302540	1	9
278604	1	1
278604	1	2
278604	1	3
278604	1	4
278604	1	5
278604	1	6
278604	1	7
278604	1	8
278604	1	9
278604	1	10
278604	1	11
278604	1	12
278604	1	13
278604	1	14
278604	1	15
278604	1	16
278604	1	17
278604	1	18
278604	1	19
278604	1	20
278604	1	21
136342	1	1
136342	1	2
136342	1	3
136342	1	4
136342	1	5
136342	1	6
136342	1	7
136342	1	8
31499	1	1
31499	1	2
31499	1	3
31499	1	4
31499	1	5
31499	1	6
31499	1	7
31499	1	8
31499	1	9
31499	1	10
31499	1	11
31499	1	12
31499	1	13
31499	1	14
31499	1	15
31499	1	16
31499	1	17
31499	1	18
31499	1	19
31499	1	20
31499	1	21
31499	1	22
31499	1	23
31499	1	24
31499	1	25
31499	1	26
31499	1	27
31499	1	28
31499	1	29
31499	1	30
31499	1	31
31499	1	32
31499	1	33
31499	1	34
31499	1	35
31499	1	36
31499	1	37
31499	1	38
31499	1	39
31499	1	40
31499	2	1
31499	2	2
31499	2	3
31499	2	4
31499	2	5
31499	2	6
31499	2	7
31499	2	8
31499	2	9
31499	2	10
31499	2	11
31499	2	12
31499	2	13
31499	2	14
31499	2	15
31499	2	16
31499	2	17
31499	2	18
31499	2	19
31499	2	20
31499	2	21
31499	2	22
31499	2	24
31499	2	25
31499	2	26
31499	2	27
31499	2	28
31499	2	29
31499	2	30
31499	2	32
31499	2	34
31499	2	35
31499	2	36
31499	2	37
31499	2	38
31499	2	39
31499	2	40
31499	3	1
31499	3	2
31499	3	3
31499	3	4
31499	3	5
31499	3	6
31499	3	7
31499	3	9
31499	3	10
31499	3	11
31499	3	12
31499	3	13
31499	3	14
31499	3	15
31499	3	16
31499	3	19
285788	1	1
285788	1	2
285788	1	3
285788	1	4
285788	1	5
285788	1	6
285788	1	7
285788	1	8
285788	1	9
285788	1	10
285788	1	11
285788	1	12
285788	1	13
285788	1	14
285788	1	15
285788	1	16
285788	1	17
285788	1	18
285788	1	19
285788	1	20
285788	1	21
285788	1	22
285788	1	23
285788	1	24
289217	1	1
289217	1	2
289217	1	3
289217	1	4
289217	1	5
289217	1	6
289217	1	7
289217	1	8
289217	1	9
289217	1	10
289217	1	11
291904	1	1
291904	1	2
291904	1	3
291904	1	4
291904	1	5
291904	1	6
291904	1	7
291904	1	8
291904	1	9
291904	1	10
291904	1	11
291904	1	12
291904	1	13
291904	1	14
291904	1	15
291904	1	16
291904	1	17
291904	1	18
291904	1	19
291904	1	20
291904	2	1
291904	2	2
291904	2	3
291904	2	4
291904	2	5
291904	2	6
291904	2	7
291904	2	8
291904	2	9
286822	1	1
286822	1	2
286822	1	3
286822	1	4
286822	1	5
286822	1	6
286822	1	7
286822	1	8
286822	1	9
286822	1	10
286822	1	11
286822	1	12
286822	1	13
271607	1	1
271607	1	2
271607	1	3
271607	1	4
271607	1	5
271607	1	6
271607	1	7
271607	1	8
271607	1	9
271607	1	10
271607	1	11
271607	1	12
271607	1	13
293703	1	1
293703	1	2
293703	1	3
293703	1	4
293703	1	5
293703	2	1
293703	2	2
293703	2	3
293703	2	4
293703	2	5
676	1	1
676	1	2
676	1	3
676	1	4
676	1	5
676	1	6
676	1	7
676	1	8
676	1	9
676	1	10
676	1	11
676	1	12
676	1	13
676	2	1
676	2	2
676	2	3
676	2	4
676	2	5
676	2	6
676	2	7
676	2	8
676	2	9
676	2	10
676	2	11
676	2	12
676	2	13
212766	1	1
212766	1	2
212766	1	3
212766	1	4
212766	1	5
212766	1	6
212766	1	7
212766	1	8
212766	1	9
212766	1	10
212766	1	11
212766	1	12
258348	1	1
258348	1	2
258348	1	3
258348	1	4
258348	1	5
258348	1	6
258348	1	7
258348	1	8
258348	1	9
258348	1	10
258348	1	11
258348	1	12
258348	2	1
258348	2	2
258348	2	3
258348	2	4
216186	1	1
216186	1	2
216186	1	3
216186	1	4
216186	1	5
216186	1	6
216186	1	7
216186	1	8
216186	1	9
216186	1	10
216186	1	11
216186	1	12
216186	1	13
216186	1	14
216186	1	15
216186	1	16
216186	1	17
216186	1	18
216186	1	19
216186	1	20
216186	1	21
216186	1	22
216186	1	23
216186	1	24
216186	1	25
216186	1	26
216186	1	27
216186	1	28
216186	1	29
216186	1	30
216186	1	31
216186	1	32
216186	1	33
216186	1	34
216186	1	35
216186	1	36
216186	1	37
216186	1	38
216186	1	39
216186	1	40
236994	1	1
236994	1	2
236994	1	3
236994	1	4
236994	1	5
236994	1	6
236994	1	7
236994	1	8
236994	1	9
236994	1	10
236994	1	11
236994	1	12
236994	1	13
236994	1	14
236994	1	15
236994	1	16
236994	1	17
236994	1	18
236994	1	19
236994	1	20
271003	1	1
271003	1	2
271003	1	3
271003	1	4
271003	1	5
271003	1	6
271003	1	7
271003	1	8
271003	1	9
271003	1	10
271003	1	11
271003	1	12
216467	1	1
216467	1	2
216467	1	3
216467	1	4
216467	1	5
216467	1	6
216467	1	7
216467	1	8
216467	1	9
216467	1	10
216467	1	11
216467	1	12
216467	1	13
216467	1	14
216467	1	15
216467	1	16
216467	1	17
216467	1	18
216467	1	19
216467	1	20
216467	1	21
216467	1	22
216467	1	23
216467	1	24
216467	1	25
216467	1	26
216467	1	27
216467	2	1
216467	2	2
216467	2	3
216467	2	4
216467	2	5
216467	2	6
216467	2	7
216467	2	8
216467	2	9
216467	2	10
216467	2	11
216467	2	12
62211	1	1
62211	1	2
62211	1	3
62211	1	4
62211	1	5
62211	1	6
62211	1	7
62211	1	8
62211	1	9
62211	1	10
62211	1	11
62211	1	12
62211	1	13
62211	1	14
62211	1	15
62211	1	16
62211	1	17
62211	1	18
62211	1	19
62211	1	20
62211	1	21
62211	1	22
62211	1	23
62211	1	24
62211	1	25
62211	1	26
62211	1	27
62211	1	28
62211	1	29
62211	1	30
62211	1	31
62211	1	32
62211	1	33
62211	1	34
62211	1	35
62211	1	36
62211	1	37
62211	1	38
62211	1	39
62211	1	40
62211	1	41
62211	1	42
62211	1	43
62211	1	44
62211	1	45
62211	1	46
62211	1	47
62211	1	48
62211	1	49
62211	1	50
62211	1	51
62211	1	52
62211	2	1
62211	2	2
62211	2	3
62211	2	4
62211	2	5
62211	2	6
62211	2	7
62211	2	8
62211	2	9
62211	2	10
62211	2	11
62211	2	12
62211	2	13
62211	2	14
62211	2	15
62211	2	16
62211	2	17
62211	2	18
62211	2	19
62211	2	20
62211	2	21
62211	2	22
62211	2	23
62211	2	24
62211	2	25
62211	2	26
62211	2	27
62211	2	28
62211	2	29
62211	2	30
62211	2	31
62211	2	32
62211	2	33
62211	2	34
62211	2	35
62211	2	36
62211	2	37
62211	2	38
62211	2	39
62211	2	40
62211	2	41
62211	2	42
62211	2	43
62211	2	44
62211	2	45
62211	2	46
62211	2	47
62211	2	48
62211	2	49
62211	2	50
62211	2	51
62211	2	52
133529	1	1
133529	1	2
133529	1	3
133529	1	4
133529	1	5
133529	1	6
31910	1	1
31910	1	2
31910	1	3
31910	1	4
31910	1	5
31910	1	6
31910	1	7
31910	1	8
31910	1	9
31910	1	10
31910	1	11
31910	1	12
31910	1	13
31910	1	14
31910	1	15
31910	1	16
31910	1	17
31910	1	18
31910	1	19
31910	1	20
31910	1	21
31910	1	22
31910	1	23
31910	1	24
31910	1	25
31910	1	26
31910	1	27
31910	1	28
31910	1	29
31910	1	30
31910	1	31
31910	1	32
31910	2	1
31910	2	2
31910	2	3
31910	2	4
31910	2	5
31910	2	6
31910	2	7
31910	2	8
31910	2	9
31910	2	10
31910	2	11
31910	2	12
31910	2	13
31910	2	14
31910	2	15
31910	2	16
31910	2	17
31910	2	18
31910	2	19
31910	2	20
31910	2	21
31910	3	1
31910	3	2
31910	3	3
31910	3	4
31910	3	5
31910	3	6
31910	3	7
31910	3	8
31910	3	9
31910	3	10
31910	3	11
31910	3	12
31910	3	13
31910	3	14
31910	3	15
31910	3	16
31910	3	17
31910	3	18
31910	4	1
31910	4	2
31910	4	3
31910	4	4
31910	4	5
31910	4	6
31910	4	7
31910	4	8
31910	4	9
31910	4	10
31910	4	11
31910	4	12
31910	4	13
31910	4	14
31910	4	15
31910	4	16
31910	4	17
31910	5	1
31910	5	2
31910	5	3
31910	5	4
31910	5	5
31910	5	6
31910	5	7
31910	5	8
31910	5	9
31910	5	10
31910	5	11
31910	5	12
31910	5	13
31910	5	14
31910	5	15
31910	5	16
31910	5	17
31910	5	18
31910	5	19
31910	5	20
31910	5	21
31910	5	22
31910	5	23
31910	5	24
31910	6	1
31910	6	2
31910	6	3
31910	6	4
31910	6	5
31910	6	6
31910	6	7
31910	6	8
31910	6	9
31910	6	10
31910	6	11
31910	6	12
31910	6	13
31910	6	14
31910	6	15
31910	6	16
31910	6	17
31910	6	18
31910	6	19
31910	6	20
31910	6	21
31910	6	22
31910	6	23
31910	6	24
31910	6	25
31910	6	26
31910	6	27
31910	6	28
31910	6	29
31910	6	30
31910	6	31
31910	7	1
31910	7	2
31910	7	3
31910	7	4
31910	7	5
31910	7	6
31910	7	7
31910	7	8
31910	8	1
31910	8	2
31910	8	3
31910	8	4
31910	8	5
31910	8	6
31910	8	7
31910	8	8
31910	8	9
31910	8	10
31910	8	11
31910	8	12
31910	8	13
31910	8	14
31910	8	15
31910	8	16
31910	8	17
31910	8	18
31910	8	19
31910	8	20
31910	8	21
31910	8	22
31910	8	23
31910	8	24
31910	9	1
31910	9	2
31910	9	3
31910	9	4
31910	9	5
31910	9	6
31910	9	7
31910	9	8
31910	9	9
31910	9	10
31910	9	11
31910	9	12
31910	9	13
31910	9	14
31910	9	15
31910	9	16
31910	9	17
31910	9	18
31910	9	19
31910	9	20
31910	9	21
31910	10	1
31910	10	2
31910	10	3
31910	10	4
31910	10	5
31910	10	6
31910	10	7
31910	10	8
31910	10	9
31910	10	10
31910	10	11
31910	10	12
31910	10	13
31910	10	14
31910	10	15
31910	10	16
31910	10	17
31910	10	18
31910	10	19
31910	10	20
31910	10	21
31910	10	22
31910	10	23
31910	10	24
31910	10	25
31910	11	1
31910	11	2
31910	11	3
31910	11	4
31910	11	5
31910	11	6
31910	11	7
31910	11	8
31910	11	9
31910	11	10
31910	11	11
31910	11	12
31910	11	13
31910	11	14
31910	11	15
31910	11	16
31910	11	17
31910	11	18
31910	11	19
31910	11	20
31910	11	21
31910	12	1
31910	12	2
31910	12	3
31910	12	4
31910	12	5
31910	12	6
31910	12	7
31910	12	8
31910	12	9
31910	12	10
31910	12	11
31910	12	12
31910	12	13
31910	12	14
31910	12	15
31910	12	16
31910	12	17
31910	12	18
31910	12	19
31910	12	20
31910	12	21
31910	12	22
31910	12	23
31910	12	24
31910	12	25
31910	12	26
31910	12	27
31910	12	28
31910	12	29
31910	12	30
31910	12	31
31910	12	32
31910	12	33
31910	13	1
31910	13	2
31910	13	3
31910	13	4
31910	13	5
31910	13	6
31910	13	7
31910	13	8
31910	13	9
31910	13	10
31910	13	11
31910	13	12
31910	13	13
31910	13	14
31910	13	15
31910	13	16
31910	13	17
31910	13	18
31910	13	19
31910	13	20
31910	14	1
31910	14	2
31910	14	3
31910	14	4
31910	14	5
31910	14	6
31910	14	7
31910	14	8
31910	14	9
31910	14	10
31910	14	11
31910	14	12
31910	14	13
31910	14	14
31910	14	15
31910	14	16
31910	14	17
31910	14	18
31910	14	19
31910	14	20
31910	14	21
31910	14	22
31910	14	23
31910	14	24
31910	14	25
31910	15	1
31910	15	2
31910	15	3
31910	15	4
31910	15	5
31910	15	6
31910	15	7
31910	15	8
31910	15	9
31910	15	10
31910	15	11
31910	15	12
31910	15	13
31910	15	14
31910	15	15
31910	15	16
31910	15	17
31910	15	18
31910	15	19
31910	15	20
31910	15	21
31910	15	22
31910	15	23
31910	15	24
31910	15	25
31910	15	26
31910	15	27
31910	15	28
31910	16	1
31910	16	2
31910	16	3
31910	16	4
31910	16	5
31910	16	6
31910	16	7
31910	16	8
31910	16	9
31910	16	10
31910	16	11
31910	16	12
31910	16	13
31910	17	1
31910	17	2
31910	17	3
31910	17	4
31910	17	5
31910	17	6
31910	17	7
31910	17	8
31910	17	9
31910	17	10
31910	17	11
31910	18	1
31910	18	2
31910	18	3
31910	18	4
31910	18	5
31910	18	6
31910	18	7
31910	18	8
31910	18	9
31910	18	10
31910	18	11
31910	18	12
31910	18	13
31910	18	14
31910	18	15
31910	18	16
31910	18	17
31910	18	18
31910	18	19
31910	18	20
31910	18	21
31910	19	1
31910	19	2
31910	19	3
31910	19	4
31910	19	5
31910	19	6
31910	19	7
31910	19	8
31910	19	9
31910	19	10
31910	19	11
31910	19	12
31910	19	13
31910	19	14
31910	19	15
31910	19	16
31910	19	17
31910	19	18
31910	19	19
31910	19	20
31910	20	1
31910	20	2
31910	20	3
31910	20	4
31910	20	5
31910	20	6
31910	20	7
31910	20	8
31910	20	9
31910	20	10
31910	20	11
31910	20	12
31910	20	13
31910	20	14
31910	20	15
31910	20	16
31910	20	17
31910	20	18
31910	20	19
31910	20	20
31910	20	21
31910	20	22
31910	20	23
31910	20	24
31910	20	25
31910	20	26
31910	20	27
31910	20	28
31910	20	29
31910	20	30
31910	20	31
31910	20	32
31910	20	33
31910	20	34
31910	20	35
31910	20	36
31910	20	37
31910	20	38
31910	20	39
31910	20	40
31910	20	41
31910	20	42
31910	20	43
31910	20	44
31910	20	45
31910	20	46
31910	20	47
31910	20	48
31910	20	49
31910	20	50
31910	20	51
31910	20	52
31910	20	53
31910	20	54
31910	20	55
31910	20	56
31910	20	57
31910	20	58
31910	20	59
31910	20	60
31910	20	61
31910	20	62
31910	20	63
31910	20	64
31910	20	65
31910	20	66
31910	20	67
31910	20	68
31910	20	69
31910	20	70
31910	20	71
31910	20	72
31910	20	73
31910	20	74
31910	20	75
31910	20	76
31910	20	77
31910	20	78
31910	20	79
31910	20	80
31910	20	81
31910	20	82
31910	20	83
31910	20	84
31910	20	85
31910	20	86
31910	20	87
237529	1	1
237529	1	2
237529	1	3
237529	1	4
237529	1	5
237529	1	6
237529	1	7
237529	1	8
237529	1	9
237529	1	10
237529	1	11
237529	1	12
237529	1	13
237529	2	1
237529	2	2
237529	2	3
237529	2	4
237529	2	5
237529	2	6
237529	2	7
65942	1	1
65942	1	2
65942	1	3
65942	1	4
65942	1	5
65942	1	6
65942	1	7
65942	1	8
65942	1	9
65942	1	10
65942	1	11
65942	1	12
65942	1	13
65942	1	14
65942	1	15
65942	1	16
65942	1	17
65942	1	18
65942	1	19
65942	1	20
65942	1	21
65942	1	22
65942	1	23
65942	1	24
65942	1	25
65942	1	26
65942	1	27
65942	1	28
65942	1	29
65942	1	30
65942	1	31
65942	1	32
65942	1	33
65942	1	34
65942	1	35
65942	1	36
65942	1	37
65942	2	1
65942	2	2
65942	2	3
65942	2	4
65942	2	5
65942	2	6
65942	2	7
65942	2	8
65942	2	9
65942	2	10
65942	2	11
65942	2	12
65942	2	13
65942	2	14
65942	2	15
65942	2	16
65942	2	17
65942	2	18
65942	2	19
65942	2	20
65942	2	21
65942	2	22
65942	2	23
65942	2	24
65942	2	25
65942	3	1
65942	3	2
65942	3	3
65942	3	4
65942	3	5
65942	3	6
65942	3	7
65942	3	8
65942	3	9
65942	3	10
65942	3	11
65942	3	12
65942	3	13
65942	3	14
65942	3	15
65942	3	16
239779	1	1
239779	1	2
239779	1	3
239779	1	4
239779	1	5
239779	1	6
239779	1	7
239779	1	8
239779	1	9
239779	1	10
239779	1	11
239779	1	12
239779	1	13
61709	1	1
61709	1	2
61709	1	3
61709	1	4
61709	1	5
61709	1	6
61709	1	7
61709	1	8
61709	1	9
61709	1	10
61709	1	11
61709	1	12
61709	1	13
61709	1	14
61709	1	15
61709	1	16
61709	1	17
61709	1	18
61709	2	1
61709	2	2
61709	2	3
61709	2	4
61709	2	5
61709	2	6
61709	2	7
61709	2	8
61709	2	9
61709	2	10
61709	2	11
61709	2	12
61709	2	13
61709	2	14
61709	2	15
61709	2	16
61709	2	17
61709	2	18
61709	2	19
61709	2	20
61709	2	21
61709	2	22
61709	2	23
61709	2	24
61709	2	25
61709	2	26
61709	2	27
61709	2	28
61709	2	29
61709	2	30
61709	2	31
61709	2	32
61709	2	33
61709	2	34
61709	2	35
61709	2	36
61709	2	37
61709	2	38
61709	3	1
61709	3	2
61709	3	3
61709	3	4
61709	3	5
61709	3	6
61709	3	7
61709	3	8
61709	3	9
61709	3	10
61709	3	11
61709	3	12
61709	3	13
61709	3	14
61709	3	15
61709	3	16
61709	3	17
61709	3	18
61709	3	19
61709	3	20
61709	3	21
61709	3	22
61709	3	23
61709	3	24
61709	3	25
61709	3	26
61709	3	27
61709	3	28
61709	3	29
61709	3	30
61709	3	31
61709	3	32
61709	3	33
61709	3	34
61709	3	35
61709	3	36
61709	3	37
61709	3	38
61709	3	39
61709	3	40
61709	3	41
61709	3	42
456	1	1
456	1	2
456	1	3
456	1	4
456	1	5
456	1	6
456	1	7
456	1	8
456	1	9
456	1	10
456	1	11
456	1	12
456	1	13
456	2	1
456	2	2
456	2	3
456	2	4
456	2	5
456	2	6
456	2	7
456	2	8
456	2	9
456	2	10
456	2	11
456	2	12
456	2	13
456	2	14
456	2	15
456	2	16
456	2	17
456	2	18
456	2	19
456	2	20
456	2	21
456	2	22
456	3	1
456	3	2
456	3	3
456	3	4
456	3	5
456	3	6
456	3	7
456	3	8
456	3	9
456	3	10
456	3	11
456	3	12
456	3	13
456	3	14
456	3	15
456	3	16
456	3	17
456	3	18
456	3	19
456	3	20
456	3	21
456	3	22
456	3	23
456	3	24
456	4	1
456	4	2
456	4	3
456	4	4
456	4	5
456	4	6
456	4	7
456	4	8
456	4	9
456	4	10
456	4	11
456	4	12
456	4	13
456	4	14
456	4	15
456	4	16
456	4	17
456	4	18
456	4	19
456	4	20
456	4	21
456	4	22
456	5	1
456	5	2
456	5	3
456	5	4
456	5	5
456	5	6
456	5	7
456	5	8
456	5	9
456	5	10
456	5	11
456	5	12
456	5	13
456	5	14
456	5	15
456	5	16
456	5	17
456	5	18
456	5	19
456	5	20
456	5	21
456	5	22
456	6	1
456	6	2
456	6	3
456	6	4
456	6	5
456	6	6
456	6	7
456	6	8
456	6	9
456	6	10
456	6	11
456	6	12
456	6	13
456	6	14
456	6	15
456	6	16
456	6	17
456	6	18
456	6	19
456	6	20
456	6	21
456	6	22
456	6	23
456	6	24
456	6	25
456	7	1
456	7	2
456	7	3
456	7	4
456	7	5
456	7	6
456	7	7
456	7	8
456	7	9
456	7	10
456	7	11
456	7	12
456	7	13
456	7	14
456	7	15
456	7	16
456	7	17
456	7	18
456	7	19
456	7	20
456	7	21
456	7	22
456	7	23
456	7	24
456	7	25
456	8	1
456	8	2
456	8	3
456	8	4
456	8	5
456	8	6
456	8	7
456	8	8
456	8	9
456	8	10
456	8	11
456	8	12
456	8	13
456	8	14
456	8	15
456	8	16
456	8	17
456	8	18
456	8	19
456	8	20
456	8	21
456	8	22
456	8	23
456	8	24
456	8	25
456	9	1
456	9	2
456	9	3
456	9	4
456	9	5
456	9	6
456	9	7
456	9	8
456	9	9
456	9	10
456	9	11
456	9	12
456	9	13
456	9	14
456	9	15
456	9	16
456	9	17
456	9	18
456	9	19
456	9	20
456	9	21
456	9	22
456	9	23
456	9	24
456	9	25
456	10	1
456	10	2
456	10	3
456	10	4
456	10	5
456	10	6
456	10	7
456	10	8
456	10	9
456	10	10
456	10	11
456	10	12
456	10	13
456	10	14
456	10	15
456	10	16
456	10	17
456	10	18
456	10	19
456	10	20
456	10	21
456	10	22
456	10	23
456	11	1
456	11	2
456	11	3
456	11	4
456	11	5
456	11	6
456	11	7
456	11	8
456	11	9
456	11	10
456	11	11
456	11	12
456	11	13
456	11	14
456	11	15
456	11	16
456	11	17
456	11	18
456	11	19
456	11	20
456	11	21
456	11	22
456	12	1
456	12	2
456	12	3
456	12	4
456	12	5
456	12	6
456	12	7
456	12	8
456	12	9
456	12	10
456	12	11
456	12	12
456	12	13
456	12	14
456	12	15
456	12	16
456	12	17
456	12	18
456	12	19
456	12	20
456	12	21
456	13	1
456	13	2
456	13	3
456	13	4
456	13	5
456	13	6
456	13	7
456	13	8
456	13	9
456	13	10
456	13	11
456	13	12
456	13	13
456	13	14
456	13	15
456	13	16
456	13	17
456	13	18
456	13	19
456	13	20
456	13	21
456	13	22
456	14	1
456	14	2
456	14	3
456	14	4
456	14	5
456	14	6
456	14	7
456	14	8
456	14	9
456	14	10
456	14	11
456	14	12
456	14	13
456	14	14
456	14	15
456	14	16
456	14	17
456	14	18
456	14	19
456	14	20
456	14	21
456	14	22
456	15	1
456	15	2
456	15	3
456	15	4
456	15	5
456	15	6
456	15	7
456	15	8
456	15	9
456	15	10
456	15	11
456	15	12
456	15	13
456	15	14
456	15	15
456	15	16
456	15	17
456	15	18
456	15	19
456	15	20
456	15	21
456	15	22
456	16	1
456	16	2
456	16	3
456	16	4
456	16	5
456	16	6
456	16	7
456	16	8
456	16	9
456	16	10
456	16	11
456	16	12
456	16	13
456	16	14
456	16	15
456	16	16
456	16	17
456	16	18
456	16	19
456	16	20
456	16	21
456	17	1
456	17	2
456	17	3
456	17	4
456	17	5
456	17	6
456	17	7
456	17	8
456	17	9
456	17	10
456	17	11
456	17	12
456	17	13
456	17	14
456	17	15
456	17	16
456	17	17
456	17	18
456	17	19
456	17	20
456	17	21
456	17	22
456	18	1
456	18	2
456	18	3
456	18	4
456	18	5
456	18	6
456	18	7
456	18	8
456	18	9
456	18	10
456	18	11
456	18	12
456	18	13
456	18	14
456	18	15
456	18	16
456	18	17
456	18	18
456	18	19
456	18	20
456	18	21
456	18	22
456	19	1
456	19	2
456	19	3
456	19	4
456	19	5
456	19	6
456	19	7
456	19	8
456	19	9
456	19	10
456	19	11
456	19	12
456	19	13
456	19	14
456	19	15
456	19	16
456	19	17
456	19	18
456	19	19
456	19	20
456	20	1
456	20	2
456	20	3
456	20	4
456	20	5
456	20	6
456	20	7
456	20	8
456	20	9
456	20	10
456	20	11
456	20	12
456	20	13
456	20	14
456	20	15
456	20	16
456	20	17
456	20	18
456	20	19
456	20	20
456	20	21
456	21	1
456	21	2
456	21	3
456	21	4
456	21	5
456	21	6
456	21	7
456	21	8
456	21	9
456	21	10
456	21	11
456	21	12
456	21	13
456	21	14
456	21	15
456	21	16
456	21	17
456	21	18
456	21	19
456	21	20
456	21	21
456	21	22
456	21	23
456	22	1
456	22	2
456	22	3
456	22	4
456	22	5
456	22	6
456	22	7
456	22	8
456	22	9
456	22	10
456	22	11
456	22	12
456	22	13
456	22	14
456	22	15
456	22	16
456	22	17
456	22	18
456	22	19
456	22	20
456	22	21
456	22	22
456	23	1
456	23	2
456	23	3
456	23	4
456	23	5
456	23	6
456	23	7
456	23	8
456	23	9
456	23	10
456	23	11
456	23	12
456	23	13
456	23	14
456	23	15
456	23	16
456	23	17
456	23	18
456	23	19
456	23	20
456	23	21
456	23	22
456	24	1
456	24	2
456	24	3
456	24	4
456	24	5
456	24	6
456	24	7
456	24	8
456	24	9
456	24	10
456	24	11
456	24	12
456	24	13
456	24	14
456	24	15
456	24	16
456	24	17
456	24	18
456	24	19
456	24	20
456	24	21
456	25	1
456	25	2
456	25	3
456	25	4
456	25	5
456	25	6
456	25	7
456	25	8
456	25	9
456	25	10
456	25	11
456	25	12
456	25	13
456	25	14
456	25	15
456	25	16
456	25	17
456	25	18
456	25	19
456	25	20
456	25	21
456	25	22
456	26	1
456	26	2
456	26	3
456	26	4
456	26	5
456	26	6
456	26	7
456	26	8
456	26	9
456	26	10
456	26	11
456	26	12
456	26	13
456	26	14
456	26	15
456	26	16
456	26	17
456	26	18
456	26	19
456	26	20
456	26	21
456	26	22
456	27	1
456	27	2
456	27	3
456	27	4
456	27	5
456	27	6
456	27	7
456	27	8
456	27	9
456	27	10
456	27	11
456	27	12
456	27	13
456	27	14
456	27	15
456	27	16
456	27	17
456	27	18
456	27	19
456	27	20
456	27	21
456	27	22
456	28	1
456	28	2
456	28	3
456	28	4
456	28	5
456	28	6
456	28	7
456	28	8
456	28	9
456	28	10
456	28	11
456	28	12
456	28	13
456	28	14
456	28	15
456	28	16
456	28	17
456	28	18
456	28	19
456	28	20
456	28	21
456	28	22
456	29	1
456	29	2
456	29	3
456	29	4
456	29	5
456	29	6
456	29	7
456	29	8
456	29	9
456	29	10
456	29	11
456	29	12
456	29	13
456	29	14
456	29	15
456	29	16
456	29	17
456	29	18
456	29	19
456	29	20
456	29	21
456	30	1
456	30	2
456	30	3
456	30	4
456	30	5
456	30	6
456	30	7
456	30	8
456	30	9
456	30	10
456	30	11
456	30	12
456	30	13
456	30	14
456	30	15
456	30	16
456	30	17
456	30	18
456	30	19
456	30	20
456	30	21
456	30	22
456	30	23
456	31	1
456	31	2
456	31	3
456	31	4
456	31	5
456	31	6
456	31	7
456	31	8
456	31	9
456	31	10
456	31	11
456	31	12
456	31	13
456	31	14
456	31	15
456	31	16
456	31	17
456	31	18
456	31	19
456	31	20
456	31	21
456	31	22
456	32	1
456	32	2
456	32	3
456	32	4
456	32	5
456	32	6
456	32	7
456	32	8
456	32	9
456	32	10
456	32	11
456	32	12
456	32	13
456	32	14
456	32	15
456	32	16
456	32	17
456	32	18
456	32	19
456	32	20
456	32	21
456	32	22
456	33	1
456	33	2
456	33	3
456	33	4
456	33	5
456	33	6
456	33	7
456	33	8
456	33	9
456	33	10
456	33	11
456	33	12
456	33	13
456	33	14
456	33	15
456	33	16
456	33	17
456	33	18
456	33	19
456	33	20
456	33	21
456	33	22
456	34	1
456	34	2
456	34	3
456	34	4
456	34	5
456	34	6
456	34	7
456	34	8
456	34	9
456	34	10
456	34	11
456	34	12
456	34	13
456	34	14
456	34	15
456	34	16
456	34	17
456	34	18
456	34	19
456	34	20
456	34	21
456	34	22
456	35	1
456	35	2
456	35	3
456	35	4
456	35	5
456	35	6
456	35	7
456	35	8
456	35	9
456	35	10
456	35	11
456	35	12
456	35	13
456	35	14
456	35	15
456	35	16
456	35	17
456	35	18
456	36	1
456	36	2
456	36	3
456	36	4
456	36	5
456	36	6
456	36	7
456	36	8
456	36	9
456	36	10
456	36	11
456	36	12
456	36	13
456	36	14
456	36	15
456	36	16
456	36	17
456	36	18
456	36	19
456	36	20
456	36	21
456	36	22
456	37	1
456	37	2
456	37	3
456	37	4
456	37	5
456	37	6
456	37	7
456	37	8
456	37	9
80020	1	1
80020	1	2
80020	1	3
80020	1	4
80020	1	5
80020	1	6
80020	2	1
80020	2	2
80020	2	3
80020	2	4
80020	2	5
80020	2	6
80020	2	7
80020	2	8
80020	2	9
80020	2	10
80020	2	11
80020	2	12
80020	2	13
80020	3	1
80020	4	1
80020	4	2
80020	4	3
80020	4	4
80020	4	5
80020	4	6
80020	4	7
80020	4	8
80020	4	9
80020	4	10
80020	4	11
80020	4	12
80020	5	1
80020	5	2
80020	5	3
80020	5	4
80020	5	5
80020	5	6
80020	5	7
80020	5	8
80020	6	1
80020	6	2
80020	6	3
80020	6	4
80020	6	5
261145	1	1
261145	1	2
261145	1	3
261145	1	4
261145	1	5
261145	1	6
261145	1	7
261145	1	8
261145	1	9
82684	1	1
82684	1	2
82684	1	3
82684	1	4
82684	1	5
82684	1	6
82684	1	7
82684	1	8
82684	1	9
82684	1	10
82684	1	11
82684	1	12
82684	1	13
82684	1	14
82684	1	15
82684	1	16
82684	1	17
82684	1	18
82684	1	19
82684	1	20
82684	1	21
82684	1	22
82684	1	23
82684	1	24
82684	2	1
82684	2	2
82684	2	3
82684	2	4
82684	2	5
82684	2	6
82684	2	7
82684	2	8
82684	2	9
82684	2	10
82684	2	11
82684	2	12
82684	2	13
82684	2	14
82684	2	15
82684	2	16
82684	2	17
82684	2	18
82684	2	19
82684	2	20
82684	2	21
82684	2	22
82684	2	23
82684	2	24
82684	3	1
82684	3	2
82684	3	3
82684	3	4
82684	3	5
82684	3	6
82684	3	7
82684	3	8
82684	3	9
82684	3	10
82684	3	11
82684	3	12
82684	3	13
82684	3	14
82684	3	15
82684	3	16
82684	3	17
82684	3	18
82684	3	19
82684	3	20
82684	3	21
82684	3	22
82684	3	23
82684	3	24
82684	4	1
82684	4	2
82684	4	3
82684	4	4
82684	4	5
82684	4	6
82684	4	7
82684	4	8
82684	4	9
82684	4	10
82684	4	11
82684	4	12
82684	4	13
82684	4	14
82684	4	15
82684	4	16
82684	4	17
82684	4	18
82684	4	19
82684	4	20
2085	1	1
2085	1	2
2085	1	3
2085	1	4
2085	1	5
2085	1	6
2085	1	7
2085	1	8
2085	1	9
2085	1	10
2085	1	11
2085	1	12
2085	1	13
2085	2	1
2085	2	2
2085	2	3
2085	2	4
2085	2	5
2085	2	6
2085	2	7
2085	2	8
2085	2	9
2085	2	10
2085	2	11
2085	2	12
2085	2	13
2085	3	1
2085	3	2
2085	3	3
2085	3	4
2085	3	5
2085	3	6
2085	3	7
2085	3	8
2085	3	9
2085	3	10
2085	3	11
2085	3	12
2085	3	13
2085	3	14
2085	4	1
2085	4	2
2085	4	3
2085	4	4
2085	4	5
2085	4	6
2085	4	7
2085	4	8
2085	4	9
2085	4	10
2085	4	11
2085	4	12
2085	4	13
245842	1	1
245842	1	2
245842	1	3
245842	1	4
245842	1	5
245842	1	6
245842	1	7
245842	1	8
245842	1	9
245842	1	10
245842	1	11
245842	1	12
245842	2	1
245842	2	2
245842	2	3
245842	2	4
245842	2	5
245842	2	6
245842	2	7
245842	2	8
245842	2	9
245842	2	10
245842	2	11
245842	2	12
88046	1	1
88046	1	2
88046	1	3
88046	1	4
88046	1	5
88046	1	6
88046	1	7
88046	1	8
88046	1	9
88046	1	10
88046	1	11
88046	1	12
88046	1	13
88046	1	14
88046	1	15
88046	1	16
88046	1	17
88046	1	18
88046	1	19
88046	1	20
88046	1	21
88046	1	22
88046	1	23
88046	1	24
88046	2	1
88046	2	2
88046	2	3
88046	2	4
88046	2	5
88046	2	6
88046	2	7
88046	2	8
88046	2	9
88046	2	10
88046	2	11
88046	2	12
88046	2	13
88046	2	14
88046	2	15
88046	2	16
88046	2	17
88046	2	18
88046	2	19
88046	2	20
88046	2	21
88046	2	22
88046	2	23
88046	2	24
88046	3	1
88046	3	2
88046	3	3
88046	3	4
88046	3	5
88046	3	6
88046	3	7
88046	3	8
88046	3	9
88046	3	10
88046	3	11
88046	3	12
88046	3	13
88046	3	14
88046	3	15
88046	3	16
88046	3	17
88046	3	18
88046	3	19
88046	3	20
88046	3	21
88046	3	22
88046	3	23
88046	3	24
30984	1	1
30984	1	2
30984	1	3
30984	1	4
30984	1	5
30984	1	6
30984	1	7
30984	1	8
30984	1	9
30984	1	10
30984	1	11
30984	1	12
30984	1	13
30984	1	14
30984	1	15
30984	1	16
30984	1	17
30984	1	18
30984	1	19
30984	1	20
30984	1	21
30984	1	22
30984	1	23
30984	1	24
30984	1	25
30984	1	26
30984	1	27
30984	1	28
30984	1	29
30984	1	30
30984	1	31
30984	1	32
30984	1	33
30984	1	34
30984	1	35
30984	1	36
30984	1	37
30984	1	38
30984	1	39
30984	1	40
30984	1	41
30984	1	42
30984	1	43
30984	1	44
30984	1	45
30984	1	46
30984	1	47
30984	1	48
30984	1	49
30984	1	50
30984	1	51
30984	1	52
30984	1	53
30984	1	54
30984	1	55
30984	1	56
30984	1	57
30984	1	58
30984	1	59
30984	1	60
30984	1	61
30984	1	62
30984	1	63
30984	1	64
30984	1	65
30984	1	66
30984	1	67
30984	1	68
30984	1	69
30984	1	70
30984	1	71
30984	1	72
30984	1	73
30984	1	74
30984	1	75
30984	1	76
30984	1	77
30984	1	78
30984	1	79
30984	1	80
30984	1	81
30984	1	82
30984	1	83
30984	1	84
30984	1	85
30984	1	86
30984	1	87
30984	1	88
30984	1	89
30984	1	90
30984	1	91
30984	1	92
30984	1	93
30984	1	94
30984	1	95
30984	1	96
30984	1	97
30984	1	98
30984	1	99
30984	1	100
30984	1	101
30984	1	102
30984	1	103
30984	1	104
30984	1	105
30984	1	106
30984	1	107
30984	1	108
30984	1	109
30984	1	110
30984	1	111
30984	1	112
30984	1	113
30984	1	114
30984	1	115
30984	1	116
30984	1	117
30984	1	118
30984	1	119
30984	1	120
30984	1	121
30984	1	122
30984	1	123
30984	1	124
30984	1	125
30984	1	126
30984	1	127
30984	1	128
30984	1	129
30984	1	130
30984	1	131
30984	1	132
30984	1	133
30984	1	134
30984	1	135
30984	1	136
30984	1	137
30984	1	138
30984	1	139
30984	1	140
30984	1	141
30984	1	142
30984	1	143
30984	1	144
30984	1	145
30984	1	146
30984	1	147
30984	1	148
30984	1	149
30984	1	150
30984	1	151
30984	1	152
30984	1	153
30984	1	154
30984	1	155
30984	1	156
30984	1	157
30984	1	158
30984	1	159
30984	1	160
30984	1	161
30984	1	162
30984	1	163
30984	1	164
30984	1	165
30984	1	166
30984	1	167
30984	1	168
30984	1	169
30984	1	170
30984	1	171
30984	1	172
30984	1	173
30984	1	174
30984	1	175
30984	1	176
30984	1	177
30984	1	178
30984	1	179
30984	1	180
30984	1	181
30984	1	182
30984	1	183
30984	1	184
30984	1	185
30984	1	186
30984	1	187
30984	1	188
30984	1	189
30984	1	190
30984	1	191
30984	1	192
30984	1	193
30984	1	194
30984	1	195
30984	1	196
30984	1	197
30984	1	198
30984	1	199
30984	1	200
30984	1	201
30984	1	202
30984	1	203
30984	1	204
30984	1	205
30984	1	206
30984	1	207
30984	1	208
30984	1	209
30984	1	210
30984	1	211
30984	1	212
30984	1	213
30984	1	214
30984	1	215
30984	1	216
30984	1	217
30984	1	218
30984	1	219
30984	1	220
30984	1	221
30984	1	222
30984	1	223
30984	1	224
30984	1	225
30984	1	226
30984	1	227
30984	1	228
30984	1	229
30984	1	230
30984	1	231
30984	1	232
30984	1	233
30984	1	234
30984	1	235
30984	1	236
30984	1	237
30984	1	238
30984	1	239
30984	1	240
30984	1	241
30984	1	242
30984	1	243
30984	1	244
30984	1	245
30984	1	246
30984	1	247
30984	1	248
30984	1	249
30984	1	250
30984	1	251
30984	1	252
30984	1	253
30984	1	254
30984	1	255
30984	1	256
30984	1	257
30984	1	258
30984	1	259
30984	1	260
30984	1	261
30984	1	262
30984	1	263
30984	1	264
30984	1	265
30984	1	266
30984	1	267
30984	1	268
30984	1	269
30984	1	270
30984	1	271
30984	1	272
30984	1	273
30984	1	274
30984	1	275
30984	1	276
30984	1	277
30984	1	278
30984	1	279
30984	1	280
30984	1	281
30984	1	282
30984	1	283
30984	1	284
30984	1	285
30984	1	286
30984	1	287
30984	1	288
30984	1	289
30984	1	290
30984	1	291
30984	1	292
30984	1	293
30984	1	294
30984	1	295
30984	1	296
30984	1	297
30984	1	298
30984	1	299
30984	1	300
30984	1	301
30984	1	302
30984	1	303
30984	1	304
30984	1	305
30984	1	306
30984	1	307
30984	1	308
30984	1	309
30984	1	310
30984	1	311
30984	1	312
30984	1	313
30984	1	314
30984	1	315
30984	1	316
30984	1	317
30984	1	318
30984	1	319
30984	1	320
30984	1	321
30984	1	322
30984	1	323
30984	1	324
30984	1	325
30984	1	326
30984	1	327
30984	1	328
30984	1	329
30984	1	330
30984	1	331
30984	1	332
30984	1	333
30984	1	334
30984	1	335
30984	1	336
30984	1	337
30984	1	338
30984	1	339
30984	1	340
30984	1	341
30984	1	342
30984	1	343
30984	1	344
30984	1	345
30984	1	346
30984	1	347
30984	1	348
30984	1	349
30984	1	350
30984	1	351
30984	1	352
30984	1	353
30984	1	354
30984	1	355
30984	1	356
30984	1	357
30984	1	358
30984	1	359
30984	2	1
30984	2	2
30984	2	3
30984	2	4
30984	2	5
30984	2	6
30984	2	7
30984	2	8
30984	2	9
30984	2	10
30984	2	11
30984	2	12
30984	2	13
30984	2	14
30984	2	15
30984	2	16
30984	2	17
30984	2	18
30984	2	19
30984	2	20
30984	2	21
30984	3	1
30984	3	2
30984	3	3
30984	3	4
30984	3	5
30984	3	6
30984	3	7
30984	3	8
30984	3	9
30984	3	10
30984	3	11
30984	3	12
30984	3	13
30984	3	14
30984	3	15
30984	3	16
30984	3	17
30984	3	18
30984	3	19
30984	3	20
30984	3	21
30984	3	22
30984	4	1
30984	4	2
30984	4	3
30984	4	4
30984	4	5
30984	4	6
30984	4	7
30984	4	8
30984	4	9
30984	4	10
30984	4	11
30984	4	12
30984	4	13
30984	4	14
30984	4	15
30984	4	16
30984	4	17
30984	4	18
30984	4	19
30984	4	20
30984	4	21
30984	4	22
30984	4	23
30984	4	24
30984	4	25
30984	4	26
30984	4	27
30984	4	28
30984	5	1
30984	5	2
30984	5	3
30984	5	4
30984	5	5
30984	5	6
30984	5	7
30984	5	8
30984	5	9
30984	5	10
30984	5	11
30984	5	12
30984	5	13
30984	5	14
30984	5	15
30984	5	16
30984	5	17
30984	5	18
30984	6	1
30984	6	2
30984	6	3
30984	6	4
30984	6	5
30984	6	6
30984	6	7
30984	6	8
30984	6	9
30984	6	10
30984	6	11
30984	6	12
30984	6	13
30984	6	14
30984	6	15
30984	6	16
30984	6	17
30984	6	18
30984	6	19
30984	6	20
30984	6	21
30984	6	22
30984	7	1
30984	7	2
30984	7	3
30984	7	4
30984	7	5
30984	7	6
30984	7	7
30984	7	8
30984	7	9
30984	7	10
30984	7	11
30984	7	12
30984	7	13
30984	7	14
30984	7	15
30984	7	16
30984	7	17
30984	7	18
30984	7	19
30984	7	20
30984	8	1
30984	8	2
30984	8	3
30984	8	4
30984	8	5
30984	8	6
30984	8	7
30984	8	8
30984	8	9
30984	8	10
30984	8	11
30984	8	12
30984	8	13
30984	8	14
30984	8	15
30984	8	16
30984	9	1
30984	9	2
30984	9	3
30984	9	4
30984	9	5
30984	9	6
30984	9	7
30984	9	8
30984	9	9
30984	9	10
30984	9	11
30984	9	12
30984	9	13
30984	9	14
30984	9	15
30984	9	16
30984	9	17
30984	9	18
30984	9	19
30984	9	20
30984	9	21
30984	9	22
30984	10	1
30984	10	2
30984	10	3
30984	10	4
30984	10	5
30984	10	6
30984	10	7
30984	10	8
30984	10	9
30984	10	10
30984	10	11
30984	10	12
30984	10	13
30984	10	14
30984	10	15
30984	10	16
30984	11	1
30984	11	2
30984	11	3
30984	11	4
30984	11	5
30984	11	6
30984	11	7
30984	11	8
30984	11	9
30984	12	1
30984	12	2
30984	12	3
30984	12	4
30984	12	5
30984	12	6
30984	12	7
30984	12	8
30984	12	9
30984	12	10
30984	12	11
30984	12	12
30984	12	13
30984	12	14
30984	12	15
30984	13	1
30984	13	2
30984	13	3
30984	13	4
30984	13	5
30984	13	6
30984	13	7
30984	13	8
30984	13	9
30984	13	10
30984	13	11
30984	13	12
30984	13	13
30984	13	14
30984	13	15
30984	13	16
30984	13	17
30984	13	18
30984	13	19
30984	13	20
30984	13	21
30984	13	22
30984	13	23
30984	13	24
30984	13	25
30984	13	26
30984	13	27
30984	13	28
30984	13	29
30984	13	30
30984	13	31
30984	13	32
30984	13	33
30984	13	34
30984	13	35
30984	13	36
30984	14	1
30984	14	2
30984	14	3
30984	14	4
30984	14	5
30984	14	6
30984	14	7
30984	14	8
30984	14	9
30984	14	10
30984	14	11
30984	14	12
30984	14	13
30984	14	14
30984	14	15
30984	14	16
30984	14	17
30984	14	18
30984	14	19
30984	14	20
30984	14	21
30984	14	22
30984	14	23
30984	14	24
30984	14	25
30984	14	26
30984	14	27
30984	14	28
30984	14	29
30984	14	30
30984	14	31
30984	14	32
30984	14	33
30984	14	34
30984	14	35
30984	14	36
30984	14	37
30984	14	38
30984	14	39
30984	14	40
30984	14	41
30984	14	42
30984	14	43
30984	14	44
30984	14	45
30984	14	46
30984	14	47
30984	14	48
30984	14	49
30984	14	50
30984	14	51
30984	15	1
30984	15	2
30984	15	3
30984	15	4
30984	15	5
30984	15	6
30984	15	7
30984	15	8
30984	15	9
30984	15	10
30984	15	11
30984	15	12
30984	15	13
30984	15	14
30984	15	15
30984	15	16
30984	15	17
30984	15	18
30984	15	19
30984	15	20
30984	15	21
30984	15	22
30984	15	23
30984	15	24
30984	15	25
30984	15	26
30984	16	1
30984	16	2
30984	16	3
30984	16	4
30984	16	5
30984	16	6
30984	16	7
30984	16	8
30984	16	9
30984	16	10
30984	16	11
30984	16	12
30984	16	13
30984	16	14
30984	16	15
30984	16	16
30984	16	17
30984	16	18
30984	16	19
30984	16	20
30984	16	21
30984	16	22
30984	16	23
30984	16	24
30984	17	1
30984	17	2
30984	17	3
30984	17	4
30984	17	5
30984	17	6
30984	17	7
30984	17	8
30984	17	9
30984	17	10
30984	17	11
30984	17	12
30984	17	13
30984	17	14
30984	17	15
30984	17	16
30984	17	17
30984	17	18
30984	17	19
30984	17	20
30984	17	21
30984	17	22
30984	17	23
30984	17	24
30984	17	25
30984	17	26
30984	17	27
30984	17	28
30984	17	29
30984	17	30
30984	17	31
30984	17	32
30984	17	33
30984	17	34
30984	17	35
30984	17	36
30984	17	37
30984	17	38
30984	17	39
30984	17	40
30984	17	41
30984	17	42
30984	17	43
30984	17	44
30984	17	45
30984	17	46
30984	17	47
30984	17	48
30984	17	49
30984	17	50
30984	17	51
30984	17	52
30984	17	53
30984	17	54
30984	17	55
30984	17	56
30984	17	57
30984	17	58
30984	17	59
30984	17	60
30984	17	61
30984	17	62
30984	17	63
30984	17	64
30984	17	65
30984	17	66
46922	1	1
46922	1	2
46922	1	3
46922	1	4
46922	1	5
46922	1	6
46922	1	7
46922	1	8
46922	1	9
46922	1	10
46922	2	1
46922	2	2
46922	2	3
46922	2	4
46922	2	5
46922	2	6
46922	2	7
46922	2	8
46922	2	9
46922	2	10
46922	3	1
46922	3	2
46922	3	3
46922	3	4
46922	3	5
46922	3	6
46922	3	7
46922	3	8
46922	3	9
46922	3	10
46922	4	1
46922	4	2
46922	4	3
46922	4	4
46922	4	5
46922	4	6
46922	4	7
46922	4	8
46922	4	9
46922	4	10
46922	5	1
46922	5	2
46922	5	3
46922	5	4
46922	5	5
46922	5	6
46922	5	7
46922	5	8
46922	5	9
46922	5	10
46922	6	1
46922	6	2
46922	6	3
46922	6	4
46922	6	5
46922	6	6
46922	6	7
46922	6	8
46922	6	9
46922	6	10
46922	7	1
46922	7	2
46922	7	3
46922	7	4
46922	7	5
46922	7	6
46922	7	7
46922	7	8
46922	7	9
46922	7	10
46922	8	1
46922	8	2
46922	8	3
46922	8	4
46922	8	5
46922	8	6
46922	8	7
46922	8	8
46922	8	9
46922	8	10
23436	1	1
23436	1	2
23436	1	3
23436	1	4
23436	1	5
23436	1	6
23436	1	7
23436	1	8
23436	1	9
23436	1	10
23436	1	11
23436	1	12
23436	1	13
23436	1	14
138502	1	1
138502	1	2
138502	1	3
138502	1	4
138502	1	5
138502	1	6
138502	1	7
138502	1	8
138502	1	9
138502	1	10
138502	2	1
138502	2	2
138502	2	3
138502	2	4
138502	2	5
138502	2	6
138502	2	7
138502	2	8
83002	1	1
83002	1	2
83002	1	3
83002	1	4
83002	1	5
83002	1	6
83002	1	7
83002	1	8
83002	1	9
83002	1	10
83002	1	11
83002	1	12
83002	1	13
83002	1	14
83002	1	15
83002	1	16
83002	1	17
83002	1	18
83002	2	1
83002	2	2
83002	2	3
83002	2	4
83002	2	5
83002	2	6
83002	2	7
83002	2	8
83002	2	9
83002	2	10
83002	2	11
83002	2	12
83002	2	13
83002	2	14
83002	2	15
83002	2	16
83002	2	17
83002	2	18
83002	3	1
83002	3	2
83002	3	3
83002	3	4
83002	3	5
83002	3	6
83002	3	7
83002	3	8
83002	3	9
83002	3	10
83002	3	11
83002	3	12
83002	3	13
83002	3	14
83002	3	15
83002	3	16
83002	3	17
83002	3	18
83002	3	19
83002	3	20
83002	3	21
83002	3	22
83002	3	23
83002	3	24
83002	3	25
83002	3	26
220542	1	1
220542	1	2
220542	1	3
220542	1	4
220542	1	5
220542	1	6
220542	1	7
220542	1	8
220542	1	9
220542	1	10
220542	1	11
220542	1	12
220542	1	13
220542	1	14
220542	1	15
220542	1	16
220542	1	17
220542	1	18
220542	1	19
220542	1	20
220542	1	21
220542	1	22
220542	1	23
220542	1	24
220542	1	25
220542	1	26
220542	1	27
220542	1	28
220542	1	29
220542	1	30
220542	1	31
220542	1	32
220542	1	33
220542	1	34
220542	1	35
220542	1	36
220542	1	37
220542	1	38
220542	1	39
220542	1	40
220542	1	41
220542	1	42
220542	1	43
220542	1	44
220542	1	45
220542	1	46
220542	1	47
220542	1	48
220542	2	1
220542	2	2
220542	2	3
220542	2	4
220542	2	5
220542	2	6
220542	2	7
220542	2	8
220542	2	9
220542	2	10
220542	2	11
220542	2	12
220542	2	13
220542	2	14
220542	2	15
220542	2	16
220542	2	17
220542	2	18
220542	2	19
220542	2	20
220542	2	21
220542	2	22
220542	2	23
220542	2	24
31109	1	1
31109	1	2
31109	1	3
31109	1	4
31109	1	5
31109	1	6
31109	1	7
31109	1	8
31109	1	9
31109	1	10
31109	1	11
31109	1	12
31109	1	13
31109	1	14
31109	1	15
31109	1	16
31109	1	17
31109	1	18
31109	1	19
31109	1	20
31109	2	1
31109	2	2
31109	2	3
31109	2	4
31109	2	5
31109	2	6
31109	2	7
31109	2	8
31109	2	9
31109	2	10
31109	2	11
31109	2	12
31109	3	1
31109	3	2
31109	3	3
31109	3	4
31109	3	5
31109	3	6
31109	3	7
31109	3	8
31109	3	9
31109	3	10
31109	3	11
31109	3	12
31109	3	13
31109	3	14
31109	3	15
31109	3	16
31109	3	17
31109	3	18
31109	3	19
31109	3	20
6040	1	1
6040	1	2
6040	1	3
6040	1	4
6040	1	5
6040	1	6
6040	1	7
6040	1	8
6040	1	9
6040	1	10
6040	1	11
6040	1	12
6040	1	13
6040	2	1
6040	2	2
6040	2	3
6040	2	4
6040	2	5
6040	2	6
6040	2	7
6040	2	8
6040	2	9
6040	2	10
6040	2	11
6040	2	12
6040	2	13
6040	3	1
6040	3	2
6040	3	3
6040	3	4
6040	3	5
6040	3	6
6040	3	7
6040	3	8
6040	3	9
6040	3	10
6040	3	11
6040	3	12
6040	3	13
6040	3	14
6040	3	15
6040	3	16
6040	3	17
6040	3	18
6040	3	19
6040	3	20
226688	1	1
226688	1	2
226688	1	3
226688	1	4
226688	1	5
226688	1	6
226688	1	7
226688	1	8
226688	1	9
226688	1	10
226688	1	11
226688	1	12
226688	1	13
226688	1	14
226688	1	15
226688	1	16
226688	1	17
226688	1	18
226688	1	19
226688	1	20
226688	1	21
226688	1	22
226688	1	23
226688	1	24
226688	1	25
226688	1	26
226688	1	27
226688	1	28
226688	1	29
226688	1	30
226688	1	31
226688	1	32
226688	1	33
226688	1	34
226688	1	35
226688	1	36
226688	1	37
226688	1	38
226688	1	39
226688	1	40
226688	1	41
226688	1	42
226688	1	43
226688	1	44
226688	1	45
226688	1	46
226688	1	47
226688	1	48
226688	1	49
226688	1	50
226688	1	51
71680	1	1
71680	1	2
71680	1	3
71680	1	4
71680	1	5
71680	1	6
71680	2	1
71680	2	2
71680	2	3
71680	2	4
71680	2	5
71680	2	6
71680	2	7
71680	4	1
71680	4	2
71680	4	3
71680	4	4
71680	4	5
71680	4	6
71680	5	1
71680	5	2
71680	5	3
71680	5	4
71680	5	5
71680	5	6
71680	5	7
71680	6	1
71680	6	2
71680	6	3
71680	6	4
71680	6	5
71680	6	6
71680	7	1
71680	7	2
71680	7	3
71680	7	4
71680	7	5
71680	7	6
71680	7	7
71680	8	1
71680	8	2
71680	8	3
71680	8	4
71680	8	5
71680	8	6
126824	1	1
126824	1	2
126824	1	3
126824	1	4
126824	1	5
126824	1	6
126824	1	7
126824	1	8
126824	1	9
126824	1	10
126824	1	11
126824	1	12
126824	1	13
126824	1	14
126824	1	15
126824	1	16
126824	1	17
126824	1	18
126824	1	19
126824	1	20
126824	1	21
126824	1	22
126824	1	23
126824	1	24
126824	1	25
126824	1	26
126824	2	1
126824	2	2
126824	2	3
126824	2	4
126824	2	5
126824	2	6
126824	2	7
126824	2	8
126824	2	9
126824	2	10
126824	2	11
126824	2	12
126824	2	13
126824	3	1
126824	3	2
126824	3	3
126824	3	4
126824	3	5
126824	3	6
126824	3	7
126824	3	8
126824	3	9
126824	3	10
126824	3	11
126824	4	1
126824	4	2
126824	4	3
126824	4	4
126824	4	5
126824	4	6
126824	4	7
126824	4	8
126824	4	9
126824	4	10
126824	4	11
126824	4	12
126824	4	13
46298	1	1
46298	1	2
46298	1	3
46298	1	4
46298	1	5
46298	1	6
46298	1	7
46298	1	8
46298	1	9
46298	1	10
46298	1	11
46298	1	12
46298	1	13
46298	1	14
46298	1	15
46298	1	16
46298	1	17
46298	1	18
46298	1	19
46298	1	20
46298	1	21
46298	1	22
46298	1	23
46298	1	24
46298	1	25
46298	1	26
46298	2	1
46298	2	2
46298	2	3
46298	2	4
46298	2	5
46298	2	6
46298	2	7
46298	2	8
46298	2	9
46298	2	10
46298	2	11
46298	2	12
46298	3	1
46298	3	2
46298	3	3
46298	3	4
46298	3	5
46298	3	6
46298	3	7
46298	3	8
46298	3	9
46298	3	10
46298	3	11
46298	3	12
46298	3	13
46298	3	14
46298	3	15
46298	3	16
46298	3	17
46298	3	18
46298	3	19
46298	3	20
46298	4	1
46298	4	2
46298	4	3
46298	4	4
46298	4	5
46298	4	6
46298	4	7
46298	4	8
46298	4	9
46298	4	10
46298	4	11
46298	4	12
46298	4	13
46298	4	14
46298	4	15
46298	4	16
46298	4	17
46298	5	1
46298	5	2
46298	5	3
46298	5	4
46298	5	5
46298	5	6
46298	5	7
46298	5	8
46298	5	9
46298	5	10
46298	5	11
46298	5	12
46298	5	13
46298	5	14
46298	5	15
46298	5	16
46298	5	17
46298	5	18
46298	5	19
46298	5	20
46298	5	21
46298	5	22
46298	5	23
46298	5	24
46298	5	25
46298	5	26
46298	5	27
46298	5	28
46298	5	29
46298	5	30
46298	5	31
46298	5	32
46298	5	33
46298	5	34
46298	5	35
46298	5	36
46298	5	37
46298	5	38
46298	5	39
46298	5	40
46298	5	41
46298	5	42
46298	5	43
46298	5	44
46298	5	45
46298	5	46
46298	5	47
46298	5	48
46298	5	49
46298	5	50
46298	5	51
46298	5	52
46298	5	53
46298	5	54
46298	5	55
46298	5	56
46298	5	57
46298	5	58
46298	5	59
46298	5	60
46298	5	61
46298	6	1
46298	6	2
46298	6	3
46298	6	4
46298	6	5
46298	6	6
46298	6	7
46298	6	8
46298	6	9
46298	6	10
46298	6	11
46298	6	12
154743	1	1
154743	1	2
154743	1	3
154743	1	4
154743	1	5
154743	1	6
154743	1	7
154743	1	8
154743	1	9
154743	1	10
154743	1	11
154743	1	12
154743	1	47
154743	2	1
154743	2	2
154743	2	3
154743	2	4
154743	2	5
154743	2	6
154743	2	7
217390	1	1
217390	1	2
217390	1	3
217390	1	4
217390	1	5
217390	1	6
217390	1	7
217390	1	8
217390	1	9
217390	1	10
217390	1	11
217390	1	12
207564	1	1
207564	1	2
207564	1	3
207564	1	4
207564	1	5
207564	1	6
207564	1	7
207564	1	8
207564	1	9
207564	1	10
207564	1	11
207564	1	12
207564	2	1
207564	2	2
207564	2	3
207564	2	4
207564	2	5
207564	2	6
207564	2	7
207564	2	8
207564	2	9
207564	2	10
207564	2	11
207564	2	12
207564	3	1
207564	3	2
207564	3	3
207564	3	4
207564	3	5
207564	3	6
207564	3	7
207564	3	8
207564	3	9
207564	3	10
207564	3	11
94664	1	1
94664	1	2
94664	1	3
94664	1	4
94664	1	5
94664	1	6
94664	1	7
94664	1	8
94664	1	9
94664	1	10
94664	1	11
94664	1	12
94664	1	13
94664	1	14
94664	1	15
94664	1	16
94664	1	17
94664	1	18
94664	1	19
94664	1	20
94664	1	21
94664	1	22
94664	1	23
94664	2	1
94664	2	2
94664	2	3
94664	2	4
94664	2	5
94664	2	6
94664	2	7
94664	2	8
94664	2	9
94664	2	10
94664	2	11
94664	2	12
94664	2	13
94664	2	14
94664	2	15
94664	2	16
94664	2	17
94664	2	18
94664	2	19
94664	2	20
94664	2	21
94664	2	22
94664	2	23
94664	2	24
94664	2	25
94664	3	1
94664	3	2
94664	3	3
94664	3	4
94664	3	5
94664	3	6
94664	3	7
94664	3	8
79061	1	1
79061	1	2
79061	1	3
79061	1	4
79061	1	5
79061	1	6
79061	1	7
79061	1	8
79061	1	9
79061	1	10
79061	1	11
79061	1	12
79061	1	13
79061	1	14
79061	1	15
79061	1	16
79061	1	17
79061	1	18
79061	1	19
79061	1	20
79061	1	21
79061	1	22
79061	1	23
79061	1	24
79061	1	25
79061	1	26
79061	1	27
79061	1	28
79061	1	29
79061	1	30
79061	1	31
79061	1	32
79061	1	33
79061	1	34
79061	1	35
79061	1	36
79061	1	37
79061	1	38
79061	1	39
79061	1	40
79061	2	1
79061	2	2
79061	2	3
79061	2	4
79061	2	5
79061	2	6
79061	2	7
79061	2	8
79061	2	9
79061	2	10
79061	2	11
79061	2	12
79061	2	13
79061	2	14
79061	2	15
79061	2	16
79061	2	17
79061	2	18
79061	2	19
79061	2	20
79061	2	21
79061	2	22
79061	2	23
79061	2	24
79061	2	25
79061	2	26
79061	2	27
79061	2	28
79061	2	29
79061	2	30
79061	2	31
79061	2	32
79061	2	33
79061	2	34
79061	2	35
79061	2	36
79061	2	37
79061	2	38
79061	3	1
79061	3	2
79061	3	3
79061	3	4
79061	3	5
79061	3	6
79061	3	7
79061	3	8
79061	3	9
79061	3	10
79061	3	11
79061	3	12
79061	3	13
79061	3	14
79061	3	15
79061	3	16
79061	3	17
79061	3	18
79061	3	19
79061	3	20
79061	3	21
79061	3	22
79061	3	23
79061	3	24
79061	3	25
79061	3	26
79061	3	27
79061	3	28
79061	3	29
79061	3	30
79061	3	31
79061	3	32
79061	3	33
79061	3	34
79061	3	35
79061	3	36
79061	3	37
79061	4	1
79061	4	2
79061	4	3
79061	4	4
79061	4	5
79061	4	6
79061	4	7
79061	4	8
79061	4	9
79061	4	10
79061	4	11
79061	4	12
79061	4	13
79061	4	14
79061	4	15
79061	4	16
79061	4	17
79061	4	18
79061	4	19
79061	4	20
79061	4	21
79061	4	22
79061	4	23
79061	4	24
79061	4	25
79061	4	26
79061	4	27
79061	4	28
79061	4	29
79061	4	30
79061	4	31
79061	4	32
79061	4	33
79061	4	34
79061	4	35
79061	4	36
79061	4	37
79061	4	38
79061	4	39
79061	4	40
79061	5	1
79061	5	2
79061	5	3
79061	5	4
79061	5	5
79061	5	6
79061	5	7
79061	5	8
79061	6	1
79061	6	2
79061	6	3
79061	6	4
79061	6	5
79061	6	6
79061	6	7
79061	6	8
79061	6	9
79061	6	10
125928	1	1
125928	1	2
125928	1	3
125928	1	4
125928	1	5
125928	1	6
125928	1	7
125928	1	8
125928	1	9
125928	1	10
125928	2	1
125928	2	2
125928	2	3
125928	2	4
125928	2	5
125928	2	6
125928	2	7
125928	2	8
125928	2	9
125928	2	10
125928	3	1
125928	3	2
125928	3	3
125928	3	4
125928	3	5
125928	3	6
20113	1	1
20113	1	2
20113	1	3
20113	1	4
20113	1	5
20113	1	6
20113	1	7
20113	1	8
20113	1	9
20113	1	10
20113	1	11
20113	1	12
20113	1	13
20113	1	14
20113	1	15
20113	1	16
20113	1	17
20113	1	18
20113	1	19
20113	1	20
20113	1	21
20113	1	22
20113	1	23
20113	1	24
20113	1	25
20113	1	26
20113	1	27
20113	1	28
20113	1	29
20113	1	30
20113	1	31
20113	1	32
20113	1	33
20113	1	34
20113	1	35
20113	1	36
20113	1	37
20113	1	38
20113	1	39
20113	1	40
20113	1	41
20113	1	42
88803	1	1
88803	1	2
88803	1	3
88803	1	4
88803	1	5
88803	1	6
88803	1	7
88803	1	8
88803	1	9
88803	1	10
88803	1	11
88803	1	12
88803	1	13
88803	1	14
88803	1	15
88803	1	16
88803	1	17
88803	1	18
88803	1	19
88803	1	20
88803	1	21
88803	1	22
88803	1	23
88803	1	24
88803	2	1
88803	2	2
88803	2	3
88803	2	4
88803	2	5
88803	2	6
88803	2	7
88803	2	8
88803	2	9
88803	2	10
88803	2	11
88803	2	12
88803	2	13
88803	2	14
88803	2	15
88803	2	16
88803	2	17
88803	2	18
88803	2	19
88803	2	20
88803	2	21
88803	2	22
88803	2	23
88803	2	24
224981	1	1
224981	1	2
224981	1	3
224981	1	4
224981	1	5
224981	1	6
224981	1	7
224981	1	8
224981	1	9
224981	1	10
3902	1	1
3902	1	2
3902	1	3
3902	1	4
3902	1	5
3902	1	6
3902	1	7
3902	1	8
3902	1	9
3902	1	10
3902	1	11
3902	1	12
3902	1	13
3902	1	14
3902	1	15
3902	1	16
3902	1	17
3902	1	18
3902	1	19
3902	1	20
3902	1	21
3902	1	22
3902	1	23
3902	1	24
3902	1	25
3902	1	26
3902	1	27
3902	1	28
3902	1	29
3902	1	30
3902	1	31
3902	1	32
3902	1	33
3902	1	34
3902	1	35
3902	1	36
3902	1	37
3902	1	38
3902	1	39
3902	1	40
3902	2	1
3902	2	2
3902	2	3
3902	2	4
3902	2	5
3902	2	6
3902	2	7
3902	2	8
3902	2	9
3902	2	10
3902	2	11
3902	2	12
3902	2	13
3902	2	14
3902	2	15
3902	2	16
3902	2	17
3902	2	18
3902	2	19
3902	2	20
3902	2	21
3902	2	22
3902	2	23
3902	2	24
3902	2	25
3902	2	26
3902	2	27
3902	2	28
3902	2	29
3902	2	30
3902	2	31
3902	2	32
3902	2	33
3902	2	34
3902	2	35
3902	2	36
3902	2	37
3902	2	38
3902	2	39
3902	2	40
3902	3	1
3902	3	2
3902	3	3
3902	3	4
3902	3	5
3902	3	6
3902	3	7
3902	3	8
3902	3	9
3902	3	10
3902	3	11
3902	3	12
3902	3	13
3902	3	14
3902	3	15
3902	3	16
3902	3	17
3902	3	18
3902	3	19
3902	3	20
3902	4	1
3902	4	2
3902	4	3
3902	4	4
3902	4	5
3902	4	6
3902	4	7
3902	4	8
3902	4	9
3902	4	10
3902	4	11
3902	4	12
3902	4	13
3902	4	14
3902	4	15
3902	4	16
3902	4	17
3902	4	18
3902	5	1
3902	5	2
3902	5	3
3902	5	4
3902	5	5
3902	5	6
3902	5	7
3902	5	8
3902	5	9
3902	5	10
3902	5	11
3902	5	12
3902	5	13
3902	5	14
3902	5	15
3902	5	16
3902	5	17
3902	5	18
3902	5	19
3902	5	20
117465	1	1
117465	1	2
117465	1	3
117465	1	4
117465	1	5
117465	1	6
117465	1	7
117465	1	8
117465	1	9
117465	1	10
117465	1	11
117465	1	12
117465	1	13
117465	2	1
117465	2	2
117465	2	3
117465	2	4
117465	2	5
117465	2	6
117465	2	7
117465	2	8
117465	2	9
117465	2	10
117465	2	11
117465	2	12
65931	1	1
65931	1	2
65931	1	3
65931	1	4
65931	1	5
65931	1	6
65931	1	7
65931	1	8
65931	1	9
65931	1	10
65931	1	11
65931	1	12
65931	2	1
65931	2	2
65931	2	3
65931	2	4
65931	2	5
65931	2	6
65931	2	7
65931	2	8
65931	2	9
65931	2	10
65931	2	11
65931	2	12
65931	2	13
65931	3	1
65931	3	2
65931	3	3
65931	3	4
65931	3	5
65931	3	6
65931	3	7
65931	3	8
65931	3	9
65931	3	10
65931	3	11
65931	3	12
65931	4	1
65931	4	2
65931	4	3
65931	4	4
65931	4	5
65931	4	6
65931	4	7
65931	4	8
65931	4	9
65931	4	10
65931	4	11
65931	4	12
65931	4	13
65931	5	1
65931	5	2
65931	5	3
65931	5	4
65931	5	5
65931	5	6
65931	5	7
65931	5	8
65931	5	9
65931	5	10
65931	5	11
67075	1	1
67075	1	2
67075	1	3
67075	1	4
67075	1	5
67075	1	6
67075	1	7
67075	1	8
67075	1	9
67075	1	10
67075	1	11
67075	1	12
67075	2	1
67075	2	2
67075	2	3
67075	2	4
67075	2	5
67075	2	6
67075	2	7
67075	2	8
67075	2	9
67075	2	10
67075	2	11
67075	2	12
67075	2	13
67075	3	1
67075	3	2
67075	3	3
67075	3	4
67075	3	5
67075	3	6
67075	3	7
67075	3	8
67075	3	9
67075	3	10
67075	3	11
67075	3	12
888	1	1
888	1	2
888	1	3
888	1	4
888	1	5
888	1	6
888	1	7
888	1	8
888	1	9
888	1	10
888	1	11
888	1	12
888	1	13
888	2	1
888	2	2
888	2	3
888	2	4
888	2	5
888	2	6
888	2	7
888	2	8
888	2	9
888	2	10
888	2	11
888	2	12
888	2	13
888	2	14
888	3	1
888	3	2
888	3	3
888	3	4
888	3	5
888	3	6
888	3	7
888	3	8
888	3	9
888	3	10
888	3	11
888	3	12
888	3	13
888	3	14
888	4	1
888	4	2
888	4	3
888	4	4
888	4	5
888	4	6
888	4	7
888	4	8
888	4	9
888	4	10
888	4	11
888	5	1
888	5	2
888	5	3
888	5	4
888	5	5
888	5	6
888	5	7
888	5	8
888	5	9
888	5	10
888	5	11
888	5	12
888	5	13
204266	1	1
204266	1	2
204266	1	3
204266	1	4
204266	1	5
204266	1	6
204266	1	7
204266	1	8
204266	1	9
204266	1	10
204266	1	11
204266	1	12
204266	2	1
204266	2	2
204266	2	3
204266	2	4
204266	2	5
204266	2	6
204266	2	7
204266	2	8
204266	2	9
204266	2	10
204266	2	11
204266	2	12
139287	1	1
139287	1	2
139287	1	3
139287	1	4
139287	1	5
139287	1	6
139287	1	7
139287	1	8
139287	1	9
139287	1	10
139287	1	11
139287	1	12
114410	1	1
114410	1	2
114410	1	3
114410	1	4
114410	1	5
114410	1	6
114410	1	7
114410	1	8
114410	1	9
114410	1	10
114410	1	11
114410	1	12
126725	1	1
126725	1	2
126725	1	3
126725	1	4
126725	1	5
126725	1	6
126725	1	7
126725	1	8
126725	1	9
126725	1	10
126725	2	1
126725	2	2
126725	2	3
126725	2	4
126725	2	5
126725	2	6
126725	2	7
126725	2	8
126725	2	9
126725	2	10
115577	1	1
115577	1	2
115577	1	3
115577	1	4
115577	1	5
115577	1	6
115577	1	7
115577	1	8
115577	2	1
115577	2	2
115577	2	3
115577	2	4
115577	2	5
115577	2	6
115577	2	7
115577	2	8
115577	3	1
115577	3	2
115577	3	3
115577	3	4
115577	3	5
115577	3	6
115577	3	7
210942	1	1
210942	1	2
210942	1	3
210942	1	4
210942	1	5
210942	1	6
210942	1	7
210942	1	8
114463	1	1
114463	1	2
114463	1	3
114463	1	4
114463	1	5
114463	1	6
157747	1	1
157747	1	2
157747	1	3
157747	1	4
157747	1	5
157747	1	6
157747	1	7
157747	1	8
157747	1	9
157747	1	10
157747	1	11
157747	1	12
157747	1	13
157747	1	14
157747	2	1
157747	2	2
157747	2	3
157747	2	4
157747	2	5
157747	2	6
157747	2	7
157747	2	8
157747	2	9
157747	2	10
157747	3	1
157747	3	2
157747	3	3
157747	3	4
157747	3	5
157747	3	6
157747	3	7
157747	3	8
96316	1	1
96316	1	2
96316	1	3
96316	1	4
96316	1	5
96316	1	6
96316	1	7
96316	1	8
96316	1	9
96316	1	10
96316	1	11
96316	1	12
96316	2	1
96316	2	2
96316	2	3
96316	2	4
96316	2	5
96316	2	6
96316	2	7
96316	2	8
96316	2	9
96316	2	10
96316	2	11
96316	2	12
96316	3	1
96316	3	2
96316	3	3
96316	3	4
96316	3	5
96316	3	6
96316	3	7
96316	3	8
96316	3	9
96316	3	10
96316	3	11
96316	3	12
96316	4	1
96316	4	2
96316	4	3
96316	4	4
96316	4	5
96316	4	6
96316	4	7
96316	4	8
96316	4	9
96316	4	10
96316	4	11
96316	4	12
96316	5	1
96316	5	2
96316	5	3
96316	5	4
96316	5	5
96316	5	6
96316	5	7
96316	5	8
96316	5	9
96316	5	10
96316	5	11
96316	5	12
32726	1	1
32726	1	2
32726	1	3
32726	1	4
32726	1	5
32726	1	6
32726	1	8
32726	1	10
32726	1	11
32726	1	12
32726	1	13
32726	2	1
32726	2	2
32726	2	3
32726	2	4
32726	2	5
32726	2	6
32726	2	7
32726	2	8
32726	2	9
32726	3	1
32726	3	2
32726	3	3
32726	3	4
32726	3	5
32726	3	6
32726	3	7
32726	3	8
32726	3	9
32726	3	10
32726	3	11
32726	3	12
32726	3	13
32726	3	14
32726	3	15
32726	3	16
32726	3	17
32726	3	18
32726	3	19
32726	3	20
32726	3	21
32726	3	22
32726	3	23
32726	4	1
32726	4	2
32726	4	3
32726	4	4
32726	4	5
32726	4	6
32726	4	7
32726	4	8
32726	4	9
32726	4	10
32726	4	11
32726	4	12
32726	4	13
32726	4	14
32726	4	15
32726	4	16
32726	4	17
32726	4	18
32726	4	19
32726	4	20
32726	4	21
32726	4	22
32726	5	1
32726	5	2
32726	5	3
32726	5	4
32726	5	5
32726	5	6
32726	5	7
32726	5	8
32726	5	9
32726	5	10
32726	5	11
32726	5	12
32726	5	13
32726	5	14
32726	5	15
32726	5	16
32726	5	17
32726	5	18
32726	5	19
32726	5	20
32726	5	21
32726	6	1
32726	6	2
32726	6	3
32726	6	4
32726	6	5
32726	6	6
32726	6	7
32726	6	8
32726	6	9
32726	6	10
32726	6	11
32726	6	12
32726	6	13
32726	6	14
32726	6	15
32726	6	16
32726	6	17
32726	6	18
32726	6	19
32726	7	1
32726	7	2
32726	7	3
32726	7	4
32726	7	5
32726	7	6
32726	7	7
32726	7	8
32726	7	9
32726	7	10
32726	7	11
32726	7	12
32726	7	13
32726	7	14
32726	7	15
32726	7	16
32726	7	17
32726	7	18
32726	7	19
32726	7	20
32726	7	21
32726	7	22
32726	8	1
32726	8	2
32726	8	3
32726	8	4
32726	8	5
32726	8	6
32726	8	7
32726	8	8
32726	8	9
32726	8	10
32726	8	11
32726	8	12
32726	8	13
32726	8	14
32726	8	15
32726	8	16
32726	8	17
32726	8	18
32726	8	19
32726	8	20
32726	8	21
32726	9	1
32726	9	2
32726	9	3
32726	9	4
32726	9	5
32726	9	6
32726	9	7
32726	9	8
32726	9	9
32726	9	10
32726	9	11
32726	9	12
32726	9	13
32726	9	14
32726	9	15
32726	9	16
32726	9	17
32726	9	18
32726	9	19
32726	9	20
32726	9	21
32726	9	22
32726	10	1
32726	10	2
32726	10	3
32726	10	4
32726	10	5
32726	10	6
32726	10	7
32726	10	8
32726	10	9
32726	10	10
32726	10	11
32726	10	12
32726	10	13
32726	10	14
32726	10	15
32726	10	16
32726	10	17
32726	10	18
32726	10	19
32726	10	20
32726	10	21
32726	10	22
32726	11	1
32726	11	2
32726	11	3
32726	11	4
32726	11	5
32726	11	6
32726	11	7
32726	11	8
32726	11	9
32726	11	10
32726	11	11
32726	11	12
32726	11	13
32726	11	14
32726	11	15
32726	11	16
32726	11	17
32726	11	18
32726	11	19
32726	11	20
32726	11	21
32726	11	22
32726	12	1
32726	12	2
32726	12	3
32726	12	4
32726	12	5
32726	12	6
32726	12	7
32726	12	8
32726	12	9
32726	12	10
32726	12	11
32726	12	12
32726	12	13
32726	12	14
32726	12	15
32726	12	16
32726	12	17
32726	12	18
32726	12	19
32726	12	20
32726	12	21
32726	12	22
32726	13	1
32726	13	2
32726	13	3
32726	13	4
32726	13	5
32726	13	6
32726	13	7
32726	13	8
32726	13	9
32726	13	10
32726	13	11
32726	13	12
32726	13	13
32726	13	14
32726	13	15
32726	13	16
32726	13	17
32726	13	18
32726	13	19
32726	13	20
32726	13	21
32726	13	22
32726	14	1
32726	14	2
32726	14	3
32726	14	4
32726	14	5
32726	14	6
32726	14	7
32726	14	8
32726	14	9
32726	14	10
32726	14	11
32726	14	12
32726	14	13
32726	14	14
32726	14	15
32726	14	16
32726	15	1
32726	15	2
32726	15	3
32726	15	4
32726	15	5
32726	15	6
32726	15	7
32726	15	8
32726	15	9
32726	15	10
32726	15	11
32726	15	12
32726	16	1
32726	16	2
32726	16	3
32726	16	4
32726	16	5
35610	1	1
35610	1	2
35610	1	3
35610	1	4
35610	1	5
35610	1	6
35610	1	7
35610	1	8
35610	1	9
35610	1	10
35610	1	11
35610	1	12
35610	1	13
35610	1	14
35610	1	15
35610	1	16
35610	1	17
35610	1	18
35610	1	19
35610	1	20
35610	1	21
35610	1	22
35610	1	23
35610	1	24
35610	1	25
35610	1	26
35610	1	27
35610	2	1
35610	2	2
35610	2	3
35610	2	4
35610	2	5
35610	2	6
35610	2	7
35610	2	8
35610	2	9
35610	2	10
35610	2	11
35610	2	12
35610	2	13
35610	2	14
35610	2	15
35610	2	16
35610	2	17
35610	2	18
35610	2	19
35610	2	20
35610	2	21
35610	2	22
35610	2	23
35610	2	24
35610	2	25
35610	2	26
35610	2	27
35610	3	1
35610	3	2
35610	3	3
35610	3	4
35610	3	5
35610	3	6
35610	3	7
35610	3	8
35610	3	9
35610	3	10
35610	3	11
35610	3	12
35610	3	13
35610	3	14
35610	3	15
35610	3	16
35610	3	17
35610	3	18
35610	3	19
35610	3	20
35610	3	21
35610	3	22
35610	3	23
35610	3	24
35610	3	25
35610	3	26
35610	3	27
35610	3	28
35610	4	1
35610	4	2
35610	4	3
35610	4	4
35610	4	5
35610	4	6
35610	4	7
35610	4	8
35610	4	9
35610	4	10
35610	4	11
35610	4	12
35610	4	13
35610	4	14
35610	4	15
35610	4	16
35610	4	17
35610	4	18
35610	4	19
35610	4	20
35610	4	21
35610	4	22
35610	4	23
35610	4	24
35610	4	25
35610	4	26
35610	4	27
35610	4	28
35610	5	1
35610	5	2
35610	5	3
35610	5	4
35610	5	5
35610	5	6
35610	5	7
35610	5	8
35610	5	9
35610	5	10
35610	5	11
35610	5	12
35610	5	13
35610	5	14
35610	5	15
35610	5	16
35610	5	17
35610	5	18
35610	5	19
35610	5	20
35610	5	21
35610	5	22
35610	5	23
35610	5	24
35610	5	25
35610	5	26
35610	5	27
35610	5	28
35610	6	1
35610	6	2
35610	6	3
35610	6	4
35610	6	5
35610	6	6
35610	6	7
35610	6	8
35610	6	9
35610	6	10
35610	6	11
35610	6	12
35610	6	13
35610	6	14
35610	6	15
35610	6	16
35610	6	17
35610	6	18
35610	6	19
35610	6	20
35610	6	21
35610	6	22
35610	6	23
35610	6	24
35610	6	25
35610	6	26
35610	6	27
35610	6	28
35610	6	29
2098	1	1
2098	1	2
2098	1	3
2098	1	4
2098	1	5
2098	1	6
2098	1	7
2098	1	8
2098	1	9
2098	1	10
2098	1	11
2098	1	12
2098	1	13
2098	1	14
2098	1	15
2098	1	16
2098	1	17
2098	1	18
2098	1	19
2098	1	20
2098	1	21
2098	1	22
2098	1	23
2098	1	24
2098	1	25
2098	1	26
2098	1	27
2098	1	28
2098	2	1
2098	2	2
2098	2	3
2098	2	4
2098	2	5
2098	2	6
2098	2	7
2098	2	8
2098	2	9
2098	2	10
2098	2	11
2098	2	12
2098	2	13
2098	2	14
2098	2	15
2098	2	16
2098	2	17
2098	2	18
2098	2	19
2098	2	20
2098	2	21
2098	2	22
2098	2	23
2098	2	24
2098	2	25
2098	2	26
2098	2	27
2098	2	28
2098	3	1
2098	3	2
2098	3	3
2098	3	4
2098	3	5
2098	3	6
2098	3	7
2098	3	8
2098	3	9
2098	3	10
2098	3	11
2098	3	12
2098	3	13
2098	3	14
2098	3	15
2098	3	16
2098	3	17
2098	3	18
2098	3	19
2098	3	20
2098	3	21
2098	3	22
2098	3	23
2098	3	24
2098	3	25
2098	3	26
2098	3	27
2098	3	28
2098	3	29
114502	1	1
114502	1	2
114502	1	3
114502	1	4
114502	1	5
114502	1	6
114502	1	7
114502	1	8
114502	1	9
158138	1	1
158138	1	2
158138	1	3
158138	1	4
158138	1	5
158138	1	6
158138	1	7
158138	1	8
158138	1	9
158138	1	10
83095	1	1
83095	1	2
83095	1	3
83095	1	4
83095	1	5
83095	1	6
83095	1	7
83095	1	8
83095	1	9
83095	1	10
83095	1	11
83095	1	12
83095	1	13
83095	1	14
83095	1	15
83095	1	16
83095	1	17
83095	1	18
83095	1	19
83095	1	20
83095	1	21
83095	1	22
83095	1	23
83095	1	24
83095	1	25
83095	2	1
83095	2	2
83095	2	3
83095	2	4
83095	2	5
83095	2	6
83095	2	7
83095	2	8
83095	2	9
83095	2	10
83095	2	11
83095	2	12
83095	2	13
83095	3	1
83095	3	2
83095	3	3
83095	3	4
83095	3	5
83095	3	6
83095	3	7
83095	3	8
83095	3	9
83095	3	10
83095	3	11
83095	3	12
83095	4	1
83095	4	2
83095	4	3
83095	4	4
83095	4	5
83095	4	6
83095	4	7
83095	4	8
83095	4	9
83095	4	10
83095	4	11
83095	4	12
127635	1	1
127635	1	2
127635	1	3
127635	1	4
127635	1	5
127635	1	6
127635	1	7
127635	1	8
127635	1	9
127635	1	10
127635	1	11
127635	1	12
127635	1	13
127635	1	14
127635	1	15
127635	1	16
127635	1	17
127635	1	18
127635	1	19
127635	1	20
127635	1	21
127635	1	22
127635	1	23
127635	1	24
127635	1	25
127635	2	1
127635	2	2
127635	2	3
127635	2	4
127635	2	5
127635	2	6
127635	2	7
127635	2	8
127635	2	9
127635	2	10
127635	2	11
127635	2	12
127635	2	13
127635	2	14
127635	2	15
127635	2	16
127635	2	17
127635	2	18
127635	2	19
127635	2	20
127635	2	21
127635	2	22
127635	2	23
127635	2	24
127635	2	25
127635	2	26
127635	2	27
127635	2	28
127635	2	29
127635	3	1
127635	3	2
127635	3	3
127635	3	4
127635	3	5
127635	3	6
127635	3	7
127635	3	8
127635	3	9
127635	3	10
127635	3	11
127635	3	12
127635	3	13
127635	3	14
127635	3	15
127635	3	16
127635	3	17
127635	3	18
127635	3	19
127635	3	20
127635	3	21
127635	3	22
127635	3	23
127635	3	24
127635	3	25
127635	3	26
127635	3	27
127635	3	28
127635	3	29
127635	3	30
127635	4	1
127635	4	2
127635	4	3
127635	4	4
127635	4	5
127635	4	6
127635	4	7
127635	4	8
127635	4	9
127635	4	10
127635	4	11
127635	4	12
127635	4	13
127635	4	14
127635	4	15
127635	4	16
127635	4	17
127635	4	18
127635	4	19
129959	1	1
129959	1	2
129959	1	3
129959	1	4
129959	1	5
129959	1	6
129959	1	7
129959	1	8
129959	1	9
129959	1	10
129959	1	11
129959	2	1
129959	2	2
129959	2	3
129959	2	4
129959	2	5
129959	2	6
129959	2	7
129959	2	8
129959	2	9
129959	2	10
129959	2	11
129959	2	12
129959	3	1
129959	3	2
129959	3	3
129959	3	4
129959	3	5
129959	3	6
129959	3	7
129959	3	8
129959	3	9
129959	3	10
129959	3	11
129959	3	12
129959	3	13
129959	3	14
129959	3	15
129959	3	16
129959	3	17
129959	3	18
129959	3	19
120089	1	1
120089	1	2
120089	1	3
120089	1	4
120089	1	5
120089	1	6
120089	1	7
120089	1	8
120089	1	9
120089	1	10
120089	1	11
120089	1	12
120089	1	13
120089	1	14
120089	1	15
120089	1	16
120089	1	17
120089	1	18
120089	1	19
120089	1	20
120089	1	21
120089	1	22
120089	1	23
120089	1	24
120089	1	25
120089	2	1
120089	2	2
120089	2	3
120089	2	4
120089	2	5
120089	2	6
120089	2	7
120089	2	8
120089	2	9
120089	2	10
120089	2	11
120089	2	12
120089	3	1
120089	3	2
120089	3	3
120089	3	4
120089	3	5
120089	3	6
120089	3	7
120089	3	8
120089	3	9
120089	3	10
120089	3	11
120089	3	12
120089	3	13
73223	1	1
73223	1	2
73223	1	3
73223	1	4
73223	1	5
73223	1	6
73223	1	7
73223	1	8
73223	1	9
73223	1	10
73223	1	11
73223	1	12
73223	1	13
73223	1	14
73223	1	15
73223	1	16
73223	1	17
73223	1	18
73223	1	19
73223	1	20
73223	1	21
73223	1	22
73223	1	23
73223	1	24
73223	1	25
73223	1	26
73223	1	27
73223	1	28
73223	1	29
73223	1	30
73223	1	31
73223	1	32
73223	1	33
73223	1	34
73223	1	35
73223	1	36
73223	1	37
73223	1	38
73223	1	39
73223	1	40
73223	1	41
73223	1	42
73223	1	43
73223	1	44
73223	1	45
73223	1	46
73223	1	47
73223	1	48
73223	1	49
73223	1	50
73223	1	51
73223	2	1
73223	2	2
73223	2	3
73223	2	4
73223	2	5
73223	2	6
73223	2	7
73223	2	8
73223	2	9
73223	2	10
73223	2	11
73223	2	12
73223	2	13
73223	2	14
73223	2	15
73223	2	16
73223	2	17
73223	2	18
73223	2	19
73223	2	20
73223	2	21
73223	2	22
73223	2	23
73223	2	24
73223	2	25
73223	2	26
73223	2	27
73223	2	28
73223	2	29
73223	2	30
73223	2	31
73223	2	32
73223	2	33
73223	2	34
73223	2	35
73223	2	36
73223	2	37
73223	2	38
73223	2	39
73223	2	40
73223	2	41
73223	2	42
73223	2	43
73223	2	44
73223	2	45
73223	2	46
73223	2	47
73223	2	48
73223	2	49
73223	2	50
73223	2	51
73223	3	1
73223	3	2
73223	3	3
73223	3	4
73223	3	5
73223	3	6
73223	3	7
73223	3	8
73223	3	9
73223	3	10
73223	3	11
73223	3	12
73223	3	13
73223	3	14
73223	3	15
73223	3	16
73223	3	17
73223	3	18
73223	3	19
73223	3	20
73223	3	21
73223	3	22
73223	3	23
73223	3	24
73223	3	25
73223	3	26
73223	3	27
73223	3	28
73223	3	29
73223	3	30
73223	3	31
73223	3	32
73223	3	33
73223	3	34
73223	3	35
73223	3	36
73223	3	37
73223	3	38
73223	3	39
73223	3	40
73223	3	41
73223	3	42
73223	3	43
73223	3	44
73223	3	45
73223	3	46
73223	3	47
73223	3	48
73223	3	49
73223	3	50
73223	3	51
73223	3	52
73223	4	1
73223	4	2
73223	4	3
73223	4	4
73223	4	5
73223	4	6
73223	4	7
73223	4	8
73223	4	9
73223	4	10
73223	4	11
73223	4	12
73223	4	13
73223	4	14
73223	4	15
73223	4	16
1434	1	1
1434	1	2
1434	1	3
1434	1	4
1434	1	5
1434	1	6
1434	1	7
1434	2	1
1434	2	2
1434	2	3
1434	2	4
1434	2	5
1434	2	6
1434	2	7
1434	2	8
1434	2	9
1434	2	10
1434	2	11
1434	2	12
1434	2	13
1434	2	14
1434	2	15
1434	2	16
1434	2	17
1434	2	18
1434	2	19
1434	2	20
1434	2	21
1434	3	1
1434	3	2
1434	3	3
1434	3	4
1434	3	5
1434	3	6
1434	3	7
1434	3	8
1434	3	9
1434	3	10
1434	3	11
1434	3	12
1434	3	13
1434	3	14
1434	3	15
1434	3	16
1434	3	17
1434	3	18
1434	3	19
1434	3	20
1434	3	21
1434	3	22
1434	4	1
1434	4	2
1434	4	3
1434	4	4
1434	4	5
1434	4	6
1434	4	7
1434	4	8
1434	4	9
1434	4	10
1434	4	11
1434	4	12
1434	4	13
1434	4	14
1434	4	15
1434	5	1
1434	5	2
1434	5	3
1434	5	4
1434	5	5
1434	5	6
1434	5	7
1434	5	8
1434	5	9
1434	5	10
1434	5	11
1434	5	12
1434	5	13
1434	5	14
1434	5	15
1434	5	16
1434	5	17
1434	5	18
1434	6	1
1434	6	2
1434	6	3
1434	6	4
1434	6	5
1434	6	6
1434	6	7
1434	6	8
1434	6	9
1434	6	10
1434	6	11
1434	6	12
1434	6	13
1434	6	14
1434	7	1
1434	7	2
1434	7	3
1434	7	4
1434	7	5
1434	7	6
1434	7	7
1434	7	8
1434	7	9
1434	7	10
1434	7	11
1434	7	12
1434	7	13
1434	7	14
1434	7	15
1434	7	16
1434	8	1
1434	8	2
1434	8	3
1434	8	4
1434	8	5
1434	8	6
1434	8	7
1434	8	8
1434	8	9
1434	8	10
1434	8	11
1434	8	12
1434	8	13
1434	8	14
1434	8	15
1434	8	16
1434	8	17
1434	8	18
1434	8	19
1434	8	20
1434	8	21
1434	9	1
1434	9	2
1434	9	3
1434	9	4
1434	9	5
1434	9	6
1434	9	7
1434	9	8
1434	9	9
1434	9	10
1434	9	11
1434	9	12
1434	9	13
1434	9	14
1434	9	15
1434	9	16
1434	9	17
1434	9	18
1434	10	1
1434	10	2
1434	10	3
1434	10	4
1434	10	5
1434	10	6
1434	10	7
1434	10	8
1434	10	9
1434	10	10
1434	10	11
1434	10	12
1434	10	13
1434	10	14
1434	10	15
1434	10	16
1434	10	17
1434	10	18
1434	10	19
1434	10	20
1434	10	21
1434	10	22
1434	10	23
1434	11	1
1434	11	2
1434	11	3
1434	11	4
1434	11	5
1434	11	6
1434	11	7
1434	11	8
1434	11	9
1434	11	10
1434	11	11
1434	11	12
1434	11	13
1434	11	14
1434	11	15
1434	11	16
1434	11	17
1434	11	18
1434	11	19
1434	11	20
1434	11	21
1434	11	22
1434	12	1
1434	12	2
1434	12	3
1434	12	4
1434	12	5
1434	12	6
1434	12	7
1434	12	8
1434	12	9
1434	12	10
1434	12	11
1434	12	12
1434	12	13
1434	12	14
1434	12	15
1434	12	16
1434	12	17
1434	12	18
1434	12	19
1434	12	20
1434	12	21
1434	13	1
1434	13	2
1434	13	3
1434	13	4
1434	13	5
1434	13	6
1434	13	7
1434	13	8
1434	13	9
1434	13	10
1434	13	11
1434	13	12
1434	13	13
1434	13	14
1434	13	15
1434	13	16
1434	13	17
1434	13	18
1434	13	19
1434	14	1
1434	14	2
1434	14	3
1434	14	4
1434	14	5
1434	14	6
1434	14	7
1434	14	8
1434	14	9
1434	14	10
1434	14	11
1434	14	12
1434	14	13
1434	14	14
1434	14	15
1434	14	16
1434	14	17
1434	14	18
1434	14	19
1434	14	20
1434	15	1
1434	15	2
1434	15	3
1434	15	4
1434	15	5
1434	15	6
1434	15	7
1434	15	8
1434	15	9
1434	15	10
1434	15	11
1434	15	12
1434	15	13
1434	15	14
1434	15	15
1434	15	16
1434	15	17
1434	15	18
1434	15	19
1434	15	20
1434	16	1
1434	16	2
1434	16	3
1434	16	4
1434	16	5
1434	16	6
1434	16	7
1434	16	8
1434	16	9
1434	16	10
1434	16	11
1434	16	12
1434	16	13
1434	16	14
1434	16	15
1434	16	16
1434	16	17
1434	16	18
1434	16	19
1434	17	1
1434	17	2
1434	17	3
1434	17	4
1434	17	5
1434	17	6
1434	17	7
1434	17	8
1434	17	9
1434	17	10
1434	17	11
1434	17	12
1434	17	13
1434	17	14
1434	17	15
1434	17	16
1434	17	17
1434	17	18
1434	17	19
1434	17	20
1434	18	1
1434	18	2
1434	18	3
1434	18	4
1434	18	5
1434	18	6
1434	18	7
1434	18	8
1434	18	9
1434	18	10
1434	18	11
1434	18	12
1434	18	13
1434	18	14
1434	18	15
1434	18	16
1434	18	17
1434	18	18
1434	18	19
1434	18	20
1434	19	1
1434	19	2
1434	19	3
1434	19	4
1434	19	5
1434	19	6
1434	19	7
1434	19	8
1434	19	9
1434	19	10
1434	19	11
1434	19	12
1434	19	13
1434	19	14
1434	19	15
1434	19	16
1434	19	17
1434	19	18
1434	19	19
1434	19	20
1434	20	1
1434	20	2
1434	20	3
1434	20	4
1434	20	5
1434	20	6
1434	20	7
1434	20	8
1434	20	9
1434	20	10
1434	20	11
1434	20	12
1434	20	13
1434	20	14
1434	20	15
1434	20	16
1434	21	1
1434	21	2
1434	21	3
1434	21	4
1434	21	5
1434	21	6
1434	21	7
1434	21	8
1434	21	9
1434	21	10
1434	21	11
1434	21	12
1434	21	13
1434	21	14
1434	21	15
1434	21	16
1434	21	17
1434	21	18
1434	21	19
1434	21	20
1434	22	1
1434	22	2
1434	22	3
1434	22	4
1434	22	5
1434	22	6
1434	22	7
1434	22	8
1434	22	9
1434	22	10
1434	22	11
1434	22	12
1434	22	13
1434	22	14
1434	22	15
1434	22	16
1434	22	17
1434	23	1
1434	23	2
1434	23	3
1434	23	4
1434	23	5
1434	23	6
1434	23	7
1434	23	8
1434	23	9
1434	23	10
1434	23	11
1434	23	12
1434	23	13
1434	23	14
1434	23	15
1434	23	16
1434	23	17
1434	23	18
1434	24	1
1434	24	2
1434	24	3
1434	24	4
1434	24	5
1434	24	6
1434	24	7
1434	24	8
1434	24	9
1434	24	10
1434	24	11
1434	24	12
1434	24	13
1434	24	14
1434	24	15
51817	1	1
51817	1	2
51817	1	3
51817	1	4
51817	1	5
51817	1	6
51817	1	7
51817	1	8
51817	1	9
51817	1	10
51817	1	11
51817	1	12
51817	1	13
51817	1	14
51817	1	15
51817	1	16
51817	1	17
51817	1	18
51817	1	19
51817	1	20
51817	1	21
51817	1	22
51817	1	23
51817	1	24
51817	1	25
51817	1	26
51817	2	1
51817	2	2
51817	2	3
51817	2	4
51817	2	5
51817	2	6
51817	2	7
51817	2	8
51817	2	9
51817	2	10
51817	2	11
51817	2	12
51817	2	13
51817	2	14
51817	2	15
51817	2	16
51817	2	17
51817	2	18
51817	2	19
51817	2	20
51817	2	21
51817	2	22
51817	2	23
51817	2	24
51817	2	25
51817	2	26
51817	3	1
51817	3	2
51817	3	3
51817	3	4
51817	3	5
51817	3	6
51817	3	7
51817	3	8
51817	3	9
51817	3	10
51817	3	11
51817	3	12
51817	3	13
51817	3	14
51817	3	15
51817	3	16
51817	3	17
51817	3	18
51817	3	19
51817	3	20
51817	3	21
51817	3	22
51817	3	23
51817	3	24
51817	3	25
51817	3	26
51817	4	1
51817	4	2
51817	4	3
51817	4	4
51817	4	5
51817	4	6
51817	4	7
51817	4	8
51817	4	9
51817	4	10
51817	4	11
51817	4	12
51817	4	13
51817	4	14
51817	4	15
51817	4	16
51817	4	17
51817	4	18
51817	4	19
51817	4	20
51817	4	21
51817	4	22
51817	4	23
51817	4	24
51817	4	25
51817	4	26
51817	5	1
51817	5	2
51817	5	3
51817	5	4
51817	5	5
51817	5	6
51817	5	7
51817	5	8
51817	5	9
51817	5	10
51817	5	11
51817	5	12
51817	5	13
51817	5	14
51817	5	15
51817	5	16
51817	5	17
51817	5	18
51817	5	19
51817	5	20
135934	1	1
135934	1	2
135934	1	3
135934	1	4
135934	1	5
135934	1	6
135934	1	7
135934	1	8
135934	1	9
135934	1	10
135934	1	11
135934	1	12
135934	2	1
135934	2	2
135934	2	3
135934	2	4
135934	2	5
135934	2	6
135934	2	7
135934	2	8
135934	2	9
135934	2	10
135934	2	11
135934	2	12
135934	3	1
135934	3	2
135934	3	3
135934	3	4
135934	3	5
135934	3	6
135934	3	7
135934	3	8
135934	3	9
135934	3	10
135934	3	11
135934	3	12
135934	4	1
135934	4	2
135934	4	3
135934	4	4
135934	4	5
135934	4	6
135934	4	7
135934	4	8
135934	4	9
2604	1	1
2604	1	2
2604	1	3
2604	1	4
2604	1	5
2604	1	6
2604	1	7
2604	1	8
2604	1	9
2604	1	10
2604	1	11
2604	1	12
2604	1	13
2604	1	14
2604	1	15
2604	2	1
2604	2	2
2604	2	3
2604	2	4
2604	2	5
2604	2	6
2604	2	7
2604	2	8
2604	2	9
2604	2	10
2604	2	11
2604	2	12
2604	2	13
2604	2	14
2604	2	15
2604	3	1
2604	3	2
2604	3	3
2604	3	4
2604	3	5
2604	3	6
2604	3	7
2604	3	8
2604	3	9
2604	3	10
2604	3	11
2604	3	12
2604	3	13
2604	3	14
2604	3	15
2604	4	1
2604	4	2
2604	4	3
2604	4	4
2604	4	5
2604	4	6
2604	4	7
2604	4	8
2604	4	9
2604	4	10
113256	1	1
113256	1	2
113256	1	3
113256	1	4
113256	1	5
113256	1	6
113256	1	7
113256	1	8
113256	1	9
113256	1	10
113256	1	11
113256	1	12
113256	1	13
113256	2	1
113256	2	2
113256	2	3
113256	2	4
113256	2	5
113256	2	6
113256	2	7
113256	2	8
113256	2	9
113256	2	10
113256	2	11
113256	2	12
113256	2	22
4229	1	1
4229	1	2
4229	1	3
4229	1	4
4229	1	5
4229	1	6
4229	1	7
4229	1	8
4229	1	9
4229	1	10
4229	1	11
4229	1	12
4229	2	1
4229	2	2
4229	2	3
4229	2	4
4229	2	5
4229	2	6
4229	2	7
4229	2	8
4229	2	9
4229	2	10
4229	2	11
4229	2	12
4229	2	13
4229	3	1
4229	3	2
4229	3	3
4229	3	4
4229	3	5
4229	3	6
4229	3	7
4229	3	8
4229	3	9
4229	3	10
4229	3	11
4229	3	12
4229	3	13
4229	3	14
4229	4	1
4229	4	2
4229	4	3
4229	4	4
4229	4	5
4229	4	6
4229	4	7
4229	4	8
4229	4	9
4229	4	10
4229	4	11
4229	4	12
70881	1	1
70881	1	2
70881	1	3
70881	1	4
70881	1	5
70881	1	6
70881	1	7
70881	1	8
70881	1	9
70881	1	10
70881	1	11
70881	1	12
70881	1	13
70881	1	14
70881	1	15
70881	1	16
70881	1	17
70881	1	18
70881	1	19
70881	1	20
70881	1	21
70881	1	22
70881	1	23
70881	1	24
70881	1	25
70881	1	26
70881	2	1
70881	2	2
70881	2	3
70881	2	4
70881	2	5
70881	2	6
70881	2	7
70881	2	8
70881	2	9
70881	2	10
70881	2	11
70881	2	12
70881	2	13
70881	2	14
70881	2	15
70881	2	16
70881	2	17
70881	2	18
70881	2	19
70881	2	20
70881	2	21
70881	2	22
70881	2	23
70881	2	24
70881	2	25
70881	2	26
70881	3	1
70881	3	2
70881	3	3
70881	3	4
70881	3	5
70881	3	6
70881	3	7
70881	3	8
70881	3	9
70881	3	10
70881	3	11
70881	3	12
70881	3	13
70881	3	14
70881	3	15
70881	3	16
70881	3	17
70881	3	18
70881	3	19
70881	3	20
70881	3	21
70881	3	22
70881	3	23
70881	3	24
70881	3	25
70881	3	26
70881	3	27
70881	3	28
70881	3	29
70881	3	30
70881	3	31
70881	3	32
70881	3	33
70881	3	34
70881	4	1
70881	4	2
70881	4	3
70881	4	4
70881	4	5
70881	4	6
70881	4	7
70881	4	8
70881	4	9
70881	4	10
70881	4	11
70881	4	12
70881	4	13
70881	4	14
70881	4	15
70881	4	16
70881	4	17
70881	4	18
70881	4	19
70881	4	20
70881	4	21
70881	4	22
70881	4	23
70881	4	24
70881	4	25
70881	4	26
70881	4	27
70881	4	28
70881	4	29
70881	4	30
70881	5	1
70881	5	2
70881	5	3
70881	5	4
70881	5	5
70881	5	6
70881	5	7
70881	5	8
70881	5	9
70881	5	10
70881	5	11
70881	5	12
70881	5	13
70881	5	14
70881	5	15
70881	5	16
70881	5	17
70881	5	18
70881	5	19
70881	5	20
70881	5	21
70881	5	22
70881	5	23
70881	5	24
70881	5	25
70881	5	26
70881	5	27
70881	5	28
70881	5	29
70881	6	1
70881	6	2
70881	6	3
70881	6	4
70881	6	5
70881	6	6
70881	6	7
70881	6	8
70881	6	9
70881	6	10
70881	6	11
70881	6	12
70881	6	13
70881	6	14
70881	6	15
70881	6	16
70881	6	17
70881	6	18
70881	6	19
70881	6	20
70881	6	21
70881	6	22
70881	6	23
70881	6	24
70881	6	25
70881	6	26
70881	6	27
70881	6	28
70881	6	29
70881	6	30
70881	6	31
70881	6	32
70881	6	33
70881	6	34
70881	7	1
70881	7	2
70881	7	3
70881	7	4
70881	7	5
70881	7	6
70881	7	7
70881	7	8
70881	7	9
70881	7	10
70881	7	11
70881	7	12
70881	7	13
70881	7	14
70881	7	15
70881	7	16
70881	7	17
70881	7	18
70881	7	19
70881	7	20
70881	7	21
70881	7	22
70881	7	23
70881	7	24
70881	7	25
70881	7	26
70881	7	27
70881	7	28
70881	7	29
70881	7	30
70881	7	31
70881	7	32
70881	7	33
70881	7	34
70881	7	35
70881	7	36
70881	7	37
70881	7	38
70881	7	39
70881	7	40
70881	8	1
70881	8	2
70881	8	3
70881	8	4
70881	8	5
70881	8	6
70881	8	7
70881	8	8
70881	8	9
70881	8	10
70881	8	11
70881	8	12
70881	8	13
70881	8	14
70881	8	15
70881	8	16
70881	8	17
70881	8	18
70881	8	19
70881	8	20
70881	8	21
70881	8	22
70881	8	23
70881	9	1
70881	9	2
70881	9	3
70881	9	4
70881	9	5
70881	9	6
70881	9	7
70881	9	8
70881	9	9
70881	9	10
70881	9	11
70881	9	12
70881	9	13
70881	9	14
70881	9	15
70881	9	16
70881	9	17
70881	9	18
70881	9	19
70881	9	20
70881	9	21
70881	9	22
70881	9	23
70881	9	24
70881	10	1
70881	10	2
70881	10	3
70881	10	4
70881	10	5
70881	10	6
70881	10	7
70881	10	8
70881	10	9
70881	10	10
70881	10	11
70881	10	12
70881	10	13
70881	10	14
70881	10	15
70881	10	16
70881	10	17
70881	10	18
70881	10	19
70881	10	20
70881	10	21
70881	10	22
70881	10	23
70881	10	24
70881	10	25
70881	10	26
70881	10	27
70881	10	28
70881	10	29
70881	10	30
70881	10	31
70881	10	32
70881	11	1
70881	11	2
70881	11	3
70881	11	4
70881	11	5
70881	11	6
70881	11	7
70881	11	8
70881	11	9
70881	11	10
70881	11	11
70881	11	12
70881	11	13
70881	11	14
70881	11	15
70881	11	16
70881	11	17
70881	11	18
70881	11	19
70881	11	20
70881	11	21
70881	11	22
70881	11	23
70881	11	24
70881	11	25
70881	11	26
70881	11	27
70881	11	28
70881	11	29
70881	11	30
70881	11	31
70881	11	32
70881	11	33
70881	11	34
70881	11	35
70881	11	36
70881	11	37
70881	11	38
70881	12	1
70881	12	2
70881	12	3
70881	12	4
70881	12	5
70881	12	6
70881	12	7
70881	12	8
70881	12	9
70881	12	10
70881	13	1
70881	13	2
70881	13	3
70881	13	4
70881	14	1
70881	14	2
70881	14	3
70881	14	4
70881	14	5
70881	14	6
70881	14	7
70881	14	8
70881	15	1
70881	15	2
70881	15	3
70881	15	4
70881	15	5
70881	15	6
70881	15	7
70881	15	8
70881	15	9
70881	15	10
70881	15	11
70881	15	12
70881	15	13
70881	16	1
70881	16	2
70881	16	3
70881	16	4
70881	16	5
70881	16	6
70881	16	7
70881	16	8
70881	16	9
70881	16	10
70881	16	11
70881	16	12
70881	16	13
70881	16	14
70881	16	15
70881	16	16
70881	17	1
70881	17	2
70881	17	3
70881	17	4
70881	17	5
70881	17	6
70881	17	7
70881	17	8
70881	17	9
70881	17	10
70881	17	11
70881	17	12
70881	17	13
70881	17	14
70881	17	15
70881	17	16
70881	17	17
70881	17	18
70881	17	19
70881	17	20
70881	17	21
70881	17	22
70881	17	23
70881	17	24
70881	18	1
70881	18	2
70881	18	3
70881	18	4
70881	18	5
70881	18	6
70881	18	7
70881	18	8
70881	18	9
70881	18	10
70881	18	11
70881	19	1
70881	19	2
70881	19	3
70881	19	4
70881	19	5
70881	19	6
70881	19	7
70881	19	8
70881	19	9
70881	19	10
70881	19	11
70881	19	12
70881	19	13
70881	19	14
70881	20	1
70881	20	2
70881	20	3
70881	20	4
70881	20	5
70881	20	6
70881	20	7
70881	20	8
70881	20	9
70881	20	10
70881	20	11
70881	20	12
70881	20	13
70881	20	14
70881	20	15
70881	21	1
70881	21	2
70881	21	3
70881	21	4
70881	21	5
70881	21	6
70881	21	7
70881	22	1
70881	22	2
70881	22	3
70881	22	4
70881	22	5
70881	22	6
70881	22	7
70881	22	8
70881	22	9
70881	22	10
70881	22	11
70881	22	12
70881	22	13
70881	22	14
70881	22	15
70881	22	16
70881	22	17
70881	22	18
70881	22	19
70881	22	20
70881	22	21
70881	22	22
70881	22	23
70881	22	24
70881	22	25
70881	22	26
70881	22	27
70881	22	28
70881	22	29
70881	22	30
70881	22	31
70881	22	32
70881	22	33
70881	23	1
70881	23	2
70881	23	3
70881	23	4
70881	23	5
70881	23	6
70881	23	7
70881	23	8
70881	23	9
70881	23	10
70881	23	11
70881	23	12
70881	23	13
70881	24	1
70881	24	2
70881	24	3
70881	24	4
70881	24	5
70881	24	6
70881	24	7
70881	24	8
70881	25	1
70881	25	2
70881	25	3
70881	25	4
70881	25	5
70881	26	1
70881	26	2
70881	26	3
70881	26	4
70881	26	5
70881	26	6
70881	26	7
68073	1	1
68073	1	2
68073	1	3
68073	1	4
68073	1	5
68073	1	6
68073	1	7
68073	1	8
68073	1	9
68073	1	10
68073	1	11
68073	1	12
68073	1	13
68073	1	14
68073	1	15
68073	1	16
68073	1	17
68073	1	18
68073	1	19
68073	1	20
68073	1	21
68073	1	22
68073	1	23
68073	1	24
68073	1	25
68073	1	26
68073	2	1
68073	2	2
68073	2	3
68073	2	4
68073	2	5
68073	2	6
68073	2	7
68073	2	8
68073	2	9
68073	2	10
68073	2	11
68073	2	12
68073	2	13
68073	2	14
68073	2	15
68073	2	16
68073	2	17
68073	2	18
68073	2	19
68073	2	20
68073	2	21
68073	2	22
68073	2	23
68073	2	24
68073	2	25
68073	2	26
68073	3	1
68073	3	2
68073	3	3
68073	3	4
68073	3	5
68073	3	6
68073	3	7
68073	3	8
68073	3	9
68073	3	10
68073	3	11
68073	3	12
68073	3	13
68073	3	14
68073	3	15
68073	3	16
68073	3	17
68073	3	18
68073	3	19
68073	3	20
68073	3	21
68073	3	22
68073	3	23
68073	3	24
68073	3	25
68073	3	26
68073	4	1
68073	4	2
68073	4	3
68073	4	4
68073	4	5
68073	4	6
68073	4	7
68073	4	8
68073	4	9
68073	4	10
68073	4	11
68073	4	12
68073	4	13
68073	4	14
68073	4	15
68073	4	16
68073	4	17
68073	4	18
68073	4	19
68073	4	20
68073	4	21
68073	4	22
68073	4	23
68073	4	24
68073	4	25
68073	4	26
68073	5	1
68073	5	2
68073	5	3
68073	5	9
68073	5	11
68073	6	1
68073	6	2
68073	6	3
68073	6	4
68073	6	5
68073	6	6
68073	6	7
68073	6	8
68073	6	9
68073	6	10
68073	6	11
68073	6	12
68073	6	13
68073	6	14
68073	6	15
68073	6	16
68073	6	17
68073	6	18
68073	6	19
68073	6	20
68073	6	21
68073	6	22
68073	6	23
68073	6	24
68073	6	25
68073	6	26
68073	7	1
68073	7	2
68073	7	3
68073	7	4
68073	7	5
68073	7	6
68073	7	7
68073	7	8
68073	7	9
68073	7	10
68073	7	11
68073	7	12
68073	7	13
68073	7	14
68073	7	15
68073	7	16
68073	7	17
68073	7	19
68073	7	20
79732	1	1
79732	1	2
79732	1	3
79732	1	4
79732	1	5
79732	1	6
79732	1	7
79732	1	8
79732	1	9
79732	1	10
79732	1	11
79732	1	12
79732	1	13
79732	2	1
79732	2	2
79732	2	3
79732	2	4
79732	2	5
79732	2	6
79732	2	7
79732	3	1
79732	3	2
79732	3	3
79732	3	4
79732	3	5
79732	3	6
79732	4	1
79732	4	2
79732	4	3
79732	4	4
79732	4	5
79732	4	6
79732	4	7
79732	4	8
79732	4	9
79732	4	10
79732	4	11
79732	4	12
79732	4	13
79732	5	1
79732	5	2
79732	5	3
79732	5	4
79732	5	5
79732	5	6
79732	5	7
79732	5	8
79732	5	9
79732	5	10
79732	5	11
79732	5	12
79732	5	13
3022	1	1
3022	1	2
3022	1	3
3022	1	4
3022	1	5
3022	1	6
3022	1	7
3022	1	8
3022	1	9
3022	1	10
3022	1	11
3022	1	12
3022	1	13
3022	1	14
3022	2	1
3022	2	2
3022	2	3
3022	2	4
3022	2	5
3022	2	6
3022	2	7
195922	1	1
195922	1	2
195922	1	3
195922	1	4
195922	1	5
195922	1	6
195922	1	7
195922	1	8
195922	1	9
195922	1	10
195922	1	11
195922	1	12
195922	1	13
195922	2	1
195922	2	2
195922	2	3
195922	2	4
195922	2	5
195922	2	6
195922	2	7
195922	2	8
195922	2	9
195922	2	10
195922	2	11
195922	2	12
195922	2	13
67667	1	1
67667	1	2
67667	1	3
67667	1	4
67667	1	5
67667	1	6
67667	1	7
67667	1	8
67667	1	9
67667	1	10
67667	1	11
67667	1	12
67667	1	13
67667	1	14
67667	1	15
67667	1	16
67667	1	17
67667	1	18
67667	1	19
67667	1	20
67667	1	21
67667	1	22
67667	1	23
67667	1	24
67667	1	25
67667	1	26
67667	1	27
67667	1	28
67667	1	29
67667	1	30
67667	1	31
67667	1	32
67667	1	33
67667	1	34
67667	1	35
67667	1	36
67667	1	37
67667	1	38
67667	1	39
67667	1	40
67667	1	41
67667	1	42
67667	1	43
67667	1	44
67667	1	45
67667	1	46
67667	1	47
67667	1	48
67667	1	49
67667	1	50
67667	1	51
105009	1	1
105009	1	2
105009	1	3
105009	1	4
105009	1	5
105009	1	6
105009	1	7
105009	1	8
105009	1	9
105009	1	10
105009	1	11
105009	1	12
105009	1	13
105009	1	14
105009	1	15
105009	1	16
105009	1	17
105009	1	18
105009	1	19
105009	1	20
105009	1	21
105009	1	22
105009	1	23
105009	1	24
105009	1	25
105009	1	26
105009	2	1
105009	2	2
105009	2	3
105009	2	4
105009	2	5
105009	2	6
105009	2	7
105009	2	8
105009	2	9
105009	2	10
105009	2	11
105009	2	12
105009	2	13
105009	3	1
105009	3	2
105009	3	3
105009	3	4
105009	3	5
105009	3	6
105009	3	7
105009	3	8
105009	3	9
105009	3	10
105009	3	11
105009	3	12
105009	3	13
94605	1	1
94605	1	2
94605	1	3
94605	1	4
94605	1	5
94605	1	6
94605	1	7
94605	1	8
94605	1	9
94605	2	1
94605	2	2
94605	2	3
94605	2	4
94605	2	5
94605	2	6
94605	2	7
94605	2	8
94605	2	9
109330	1	1
109330	1	2
109330	1	3
109330	1	4
109330	1	5
109330	1	6
109330	1	7
109330	1	8
109330	1	9
109330	1	10
109330	1	11
109330	1	12
109330	1	13
109330	1	14
109330	1	15
109330	1	16
109330	1	17
109330	1	18
109330	1	19
109330	1	20
109330	1	21
109330	1	22
109330	1	23
109330	1	24
109330	1	25
109330	1	26
109330	2	1
109330	2	2
109330	2	3
109330	2	4
109330	2	5
109330	2	6
109330	2	7
109330	3	1
109330	3	2
109330	3	3
109330	3	4
109330	3	5
109330	3	6
109330	3	7
109330	4	1
109330	4	2
109330	4	3
109330	4	4
109330	4	5
109330	4	6
109330	5	1
109330	5	2
109330	5	3
109330	5	4
109330	5	5
109330	5	6
109330	5	7
109330	6	1
109330	6	2
109330	6	3
109330	6	4
109330	6	5
109330	6	6
109330	7	1
109330	7	2
109330	7	3
109330	7	4
109330	7	5
109330	7	6
61389	1	1
61389	1	2
61389	1	3
61389	1	4
61389	1	5
61389	1	6
61389	1	7
61389	1	8
61389	1	9
61389	1	10
61389	1	11
61389	1	12
61389	1	13
61389	2	1
61389	2	2
61389	2	3
61389	2	4
61389	2	5
61389	2	6
61389	2	7
61389	2	8
61389	2	9
61389	2	10
61389	2	11
61389	2	12
61389	2	13
3035	1	1
3035	1	2
3035	1	3
3035	1	4
3035	1	5
3035	1	6
3035	1	7
3035	1	8
3035	1	9
3035	1	10
3035	2	1
3035	2	2
3035	2	3
3035	2	4
3035	2	5
3035	2	6
3035	2	7
3035	2	8
3035	3	1
3035	3	2
3035	3	3
3035	3	4
3035	3	5
3035	3	6
3035	3	7
3035	3	8
130077	1	1
130077	1	2
130077	1	3
130077	1	4
130077	1	5
130077	1	6
130077	1	7
130077	1	8
130077	2	1
130077	2	2
130077	2	3
130077	2	4
130077	2	5
130077	2	6
130077	2	7
130077	2	8
111474	1	1
111474	1	2
111474	1	3
111474	1	4
111474	1	5
111474	1	6
111474	1	7
111474	1	8
111474	1	9
111474	1	10
111474	2	1
111474	2	2
111474	2	3
111474	2	4
111474	2	5
111474	2	6
111474	2	7
111474	2	8
111474	3	1
111474	3	2
111474	3	3
111474	3	4
111474	3	5
111474	3	6
111474	3	7
111474	4	1
111474	4	2
111474	4	3
111474	4	4
111474	4	5
111474	4	6
111474	4	7
111474	4	8
111474	5	1
111474	5	2
111474	5	3
111474	5	4
111474	5	5
111474	5	6
111474	6	1
111474	6	2
111474	6	3
111474	6	4
111474	6	5
111474	6	6
111474	7	1
111474	7	2
111474	7	3
111474	7	4
111474	7	5
111474	7	6
111474	8	1
111474	8	2
111474	8	3
111474	8	4
111474	8	5
111474	8	6
111474	8	7
111474	9	1
111474	9	2
111474	9	3
111474	9	4
111474	9	5
111474	9	6
111474	10	1
111474	10	2
111474	10	3
111474	10	4
111474	10	5
111474	10	6
111474	11	1
111474	11	2
111474	11	3
111474	11	4
111474	11	5
111474	11	6
111474	12	1
111474	12	2
111474	12	3
111474	12	4
111474	12	5
111474	13	1
111474	13	2
111474	13	3
111474	13	4
111474	13	5
128255	1	1
128255	1	2
128255	1	3
128255	1	4
128255	1	5
128255	1	6
117682	1	1
117682	1	2
117682	1	3
117682	1	4
117682	1	5
117682	1	6
100617	1	1
100617	1	2
100617	1	3
100617	1	4
100617	1	5
100617	1	6
1546	1	1
1546	1	2
1546	1	3
1546	1	4
1546	1	5
1546	1	6
1546	1	7
1546	1	8
1546	1	9
1546	1	10
1546	1	11
1546	1	12
1546	1	13
1546	2	1
1546	2	2
1546	2	3
1546	2	4
1546	2	5
1546	2	6
1546	2	7
1546	2	8
1546	2	9
1546	2	10
1546	2	11
1546	2	12
1546	2	13
1546	3	1
1546	3	2
1546	3	3
1546	3	4
1546	3	5
1546	3	6
1546	3	7
1546	3	8
1546	4	1
1546	4	2
1546	4	3
1546	4	4
1546	4	5
1546	4	6
1546	4	7
1546	4	8
1546	4	9
1546	4	10
1546	4	11
1546	4	12
1546	4	13
1546	4	14
1546	4	15
1546	4	16
1546	4	17
1546	4	18
1546	4	19
1546	4	20
1546	4	21
1546	4	22
1546	5	1
1546	5	2
1546	5	3
1546	5	4
1546	5	5
1546	5	6
1546	5	7
1546	5	8
1546	5	9
37606	1	1
37606	1	2
37606	1	3
37606	1	4
37606	1	5
37606	1	6
37606	1	7
37606	1	8
37606	1	9
37606	1	10
37606	1	11
37606	1	12
37606	1	13
37606	1	14
37606	1	15
37606	1	16
37606	1	17
37606	1	18
37606	2	1
37606	2	2
37606	2	3
37606	2	4
37606	2	5
37606	2	6
37606	2	7
37606	2	8
37606	2	9
37606	2	10
37606	2	11
37606	2	12
37606	2	13
37606	2	14
37606	2	15
37606	2	16
37606	2	17
37606	2	18
37606	2	19
37606	2	20
37606	2	21
37606	2	22
37606	2	23
37606	2	24
37606	2	25
37606	2	26
37606	2	27
37606	2	28
37606	2	29
37606	2	30
37606	2	31
37606	2	32
37606	2	33
37606	2	34
37606	2	35
37606	2	36
37606	2	37
37606	2	38
37606	2	39
37606	2	40
37606	3	1
37606	3	2
37606	3	3
37606	3	4
37606	3	5
37606	3	6
37606	3	7
37606	3	8
37606	3	9
37606	3	10
37606	3	11
37606	3	12
37606	3	13
37606	3	14
37606	3	15
37606	3	16
37606	3	17
37606	3	18
37606	3	19
37606	3	20
37606	3	21
37606	3	22
37606	3	23
37606	3	24
37606	3	25
37606	3	26
37606	3	27
37606	3	28
37606	3	29
37606	3	30
37606	3	31
37606	3	32
37606	3	33
37606	3	34
37606	3	35
37606	3	36
37606	3	37
37606	3	38
37606	3	39
37606	3	40
37606	4	1
37606	4	2
37606	4	3
37606	4	4
37606	4	5
37606	4	6
37606	4	7
37606	4	8
37606	4	9
37606	4	10
37606	4	11
37606	4	12
37606	4	13
37606	4	14
37606	4	15
37606	4	16
37606	4	17
37606	4	18
37606	4	19
37606	4	20
37606	4	21
37606	4	22
37606	4	23
37606	4	24
37606	4	25
37606	4	26
37606	4	27
37606	4	28
37606	4	29
37606	4	30
37606	4	31
37606	4	32
37606	4	33
37606	4	34
37606	4	35
37606	4	36
37606	4	37
37606	4	38
37606	4	39
37606	5	1
37606	5	2
37606	5	3
37606	5	4
37606	5	5
37606	5	6
37606	5	7
37606	5	8
37606	5	9
37606	5	10
37606	5	11
37606	5	12
37606	5	13
37606	5	14
37606	5	15
37606	5	16
37606	5	17
37606	5	18
37606	5	19
37606	5	20
37606	5	21
37606	5	22
37606	5	23
37606	5	24
37606	5	25
37606	5	26
37606	5	27
37606	5	28
37606	5	29
37606	5	30
37606	5	31
37606	5	32
37606	5	33
37606	5	34
37606	5	35
37606	5	36
37606	5	37
37606	5	38
37606	5	39
37606	5	40
37606	6	1
37606	6	2
37606	6	3
37606	6	4
37606	6	5
37606	6	6
37606	6	7
37606	6	8
37606	6	9
37606	6	10
37606	6	11
37606	6	12
37606	6	13
37606	6	14
37606	6	15
37606	6	16
37606	6	17
37606	6	18
37606	6	19
37606	6	20
37606	6	21
37606	6	22
37606	6	23
37606	6	24
37606	6	25
37606	6	26
37606	6	27
37606	6	28
37606	6	29
37606	6	30
37606	6	31
37606	6	32
37606	6	33
37606	6	34
37606	6	35
37606	6	36
37606	6	37
37606	6	38
37606	6	39
37606	6	40
37606	6	41
37606	6	42
37606	6	43
37606	6	44
31132	1	1
31132	1	2
31132	1	3
31132	1	4
31132	1	5
31132	1	6
31132	1	7
31132	1	8
31132	1	9
31132	1	10
31132	1	11
31132	1	12
31132	2	1
31132	2	2
31132	2	3
31132	2	4
31132	2	5
31132	2	6
31132	2	7
31132	2	8
31132	2	9
31132	2	10
31132	2	11
31132	2	12
31132	2	13
31132	2	14
31132	2	15
31132	2	16
31132	2	17
31132	2	18
31132	2	19
31132	2	20
31132	2	21
31132	2	22
31132	2	23
31132	2	24
31132	2	25
31132	2	26
31132	2	27
31132	2	28
31132	3	1
31132	3	2
31132	3	3
31132	3	4
31132	3	5
31132	3	6
31132	3	7
31132	3	8
31132	3	9
31132	3	10
31132	3	11
31132	3	12
31132	3	13
31132	3	14
31132	3	15
31132	3	16
31132	3	17
31132	3	18
31132	3	19
31132	3	20
31132	3	21
31132	3	22
31132	3	23
31132	3	24
31132	3	25
31132	3	26
31132	3	27
31132	3	28
31132	3	29
31132	3	30
31132	3	31
31132	3	32
31132	3	33
31132	3	34
31132	3	35
31132	3	36
31132	3	37
31132	3	38
31132	3	39
31132	4	1
31132	4	2
31132	4	3
31132	4	4
31132	4	5
31132	4	6
31132	4	7
31132	4	8
31132	4	9
31132	4	10
31132	4	11
31132	4	12
31132	4	13
31132	4	14
31132	4	15
31132	4	16
31132	4	17
31132	4	18
31132	4	19
31132	4	20
31132	4	21
31132	4	22
31132	4	23
31132	4	24
31132	4	25
31132	4	26
31132	4	27
31132	4	28
31132	4	29
31132	4	30
31132	4	31
31132	4	32
31132	4	33
31132	4	34
31132	4	35
31132	4	36
31132	4	37
31132	5	1
31132	5	2
31132	5	3
31132	5	4
31132	5	5
31132	5	6
31132	5	7
31132	5	8
31132	5	9
31132	5	10
31132	5	11
31132	5	12
31132	5	13
31132	5	14
31132	5	15
31132	5	16
31132	5	17
31132	5	18
31132	5	19
31132	5	20
31132	5	21
31132	5	22
31132	5	23
31132	5	24
31132	5	25
31132	5	26
31132	5	27
31132	5	28
31132	5	29
31132	5	30
31132	5	31
31132	5	32
31132	5	33
31132	5	34
31132	5	35
31132	5	36
31132	5	37
31132	6	1
31132	6	2
31132	6	3
31132	6	4
31132	6	5
31132	6	6
31132	6	7
31132	6	8
31132	6	9
31132	6	10
31132	6	11
31132	6	12
31132	6	13
31132	6	14
31132	6	15
31132	6	16
31132	6	17
31132	6	18
31132	6	19
31132	6	20
31132	6	21
31132	6	22
31132	6	23
31132	6	24
31132	6	25
31132	6	26
31132	6	27
31132	6	28
31132	7	1
31132	7	2
31132	7	3
31132	7	4
31132	7	5
31132	7	6
31132	7	7
31132	7	8
31132	7	9
31132	7	10
31132	7	11
31132	7	12
31132	7	13
31132	7	14
31132	7	15
31132	7	16
31132	7	17
31132	7	18
31132	7	19
31132	7	20
31132	7	21
31132	7	22
31132	7	23
31132	7	24
31132	7	25
31132	7	26
31132	7	27
31132	7	28
31132	7	29
31132	7	30
31132	7	31
31132	7	32
31132	7	33
31132	7	34
31132	7	35
31132	7	36
31132	8	1
31132	8	2
31132	8	3
31132	8	4
31132	8	5
31132	8	6
31132	8	7
31132	8	8
31132	8	9
31132	8	10
31132	8	11
31132	8	12
31132	8	13
31132	8	14
31132	8	15
31132	8	16
31132	8	17
31132	8	18
31132	8	19
31132	8	20
31132	8	21
31132	8	22
31132	8	23
31132	8	24
31132	8	25
31132	8	26
31132	8	27
31132	8	28
31132	8	29
65334	1	1
65334	1	2
65334	1	3
65334	1	4
65334	1	5
65334	1	6
65334	1	7
65334	1	8
65334	1	9
65334	1	10
65334	1	11
65334	1	12
65334	1	13
65334	1	14
65334	1	15
65334	1	16
65334	1	17
65334	1	18
65334	1	19
65334	1	20
65334	1	21
65334	1	22
65334	1	23
65334	1	24
65334	1	25
65334	1	26
65334	2	1
65334	2	2
65334	2	3
65334	2	4
65334	2	5
65334	2	6
65334	2	7
65334	2	8
65334	2	9
65334	2	10
65334	2	11
65334	2	12
65334	2	13
65334	2	14
65334	2	15
65334	2	16
65334	2	17
65334	2	18
65334	2	19
65334	2	20
65334	2	21
65334	2	22
65334	2	23
65334	2	24
65334	2	25
65334	3	1
65334	3	2
65334	3	3
65334	3	4
65334	3	5
65334	3	6
65334	3	7
65334	3	8
65334	3	9
65334	3	10
65334	3	11
65334	3	12
65334	3	13
65334	3	14
65334	3	15
65334	3	16
65334	3	17
65334	3	18
65334	3	19
65334	3	20
65334	3	21
65334	3	22
65334	3	23
65334	3	24
65334	3	25
65334	3	26
65334	4	1
65334	4	2
65334	4	3
65334	4	4
65334	4	5
65334	4	6
65334	4	7
65334	4	8
65334	4	9
65334	4	10
65334	4	11
65334	4	12
65334	4	13
65334	4	14
65334	4	15
65334	4	16
65334	4	17
65334	4	18
65334	4	19
65334	4	20
65334	4	21
65334	4	22
65334	4	23
65334	4	24
65334	4	25
65334	4	26
65334	5	1
65334	5	2
65334	5	3
65334	5	4
65334	5	5
65334	5	6
65334	5	7
65334	5	8
65334	5	9
65334	5	10
65334	5	11
65334	5	12
65334	5	13
65334	5	14
65334	5	15
65334	5	16
65334	5	17
65334	5	18
65334	5	19
65334	5	20
65334	5	21
65334	5	22
65334	5	23
65334	6	1
65334	6	2
65334	6	3
65334	6	4
97645	1	1
97645	1	2
97645	1	3
97645	1	4
97645	1	5
97645	1	6
97645	1	7
97645	1	8
97645	2	1
97645	2	2
97645	2	3
97645	2	4
97645	2	5
97645	2	6
97645	2	7
97645	2	8
97645	2	9
97645	3	1
97645	3	2
97645	3	3
97645	3	4
97645	3	5
97645	3	6
97645	3	7
97645	3	8
97645	3	9
97645	3	10
97645	3	11
97645	3	12
97645	4	1
97645	4	2
97645	4	3
97645	4	4
97645	4	5
97645	4	6
97645	4	7
97645	4	8
97645	4	9
97645	4	10
97645	4	11
97645	4	12
97645	5	1
97645	5	2
97645	5	3
97645	5	4
97645	5	5
97645	5	6
97645	5	7
97645	5	8
97645	5	9
97645	5	10
97645	5	11
97645	5	12
97645	6	1
97645	6	2
97645	6	3
97645	6	4
97645	6	5
97645	6	6
97645	6	7
97645	6	8
97645	6	9
97645	6	10
1877	1	1
1877	1	2
1877	1	3
1877	1	4
1877	1	5
1877	1	6
1877	1	7
1877	1	8
1877	1	9
1877	1	10
1877	1	11
1877	1	12
1877	1	13
1877	1	14
1877	1	15
1877	1	16
1877	1	17
1877	1	18
1877	1	19
1877	1	20
1877	1	21
1877	1	22
1877	1	23
1877	1	24
1877	1	25
1877	1	26
1877	2	1
1877	2	2
1877	2	3
1877	2	4
1877	2	5
1877	2	6
1877	2	7
1877	2	8
1877	2	9
1877	2	10
1877	2	11
1877	2	12
1877	2	13
1877	2	14
1877	2	15
1877	2	16
1877	2	17
1877	2	18
1877	2	19
1877	2	20
1877	2	21
1877	2	22
1877	2	23
1877	2	24
1877	2	25
1877	2	26
1877	2	27
1877	2	28
1877	2	29
1877	2	30
1877	2	31
1877	2	32
1877	2	33
1877	2	34
1877	2	35
1877	2	36
1877	2	37
1877	2	38
1877	2	39
1877	3	1
1877	3	2
1877	3	3
1877	3	4
1877	3	5
1877	3	6
1877	3	7
1877	3	8
1877	3	9
1877	3	10
1877	3	11
1877	3	12
1877	3	13
1877	3	14
1877	3	15
1877	3	16
1877	3	17
1877	3	18
1877	3	19
1877	3	20
1877	3	21
1877	3	22
1877	3	23
1877	3	24
1877	3	25
1877	3	26
1877	3	27
1877	3	28
1877	3	29
1877	3	30
1877	3	31
1877	3	32
1877	3	33
1877	3	34
1877	3	35
1877	4	1
1877	4	2
1877	4	3
1877	4	4
1877	4	5
1877	4	6
1877	4	7
1877	4	8
1877	4	9
1877	4	10
1877	4	11
1877	4	12
1877	4	13
1877	4	14
1877	4	15
1877	4	16
1877	4	17
1877	4	18
1877	4	19
1877	4	20
1877	4	21
1877	4	22
1877	4	23
1877	4	24
1877	4	25
1877	4	26
1877	4	27
1877	4	28
1877	4	29
1877	4	30
1877	4	31
1877	4	32
1877	4	33
1877	4	34
1877	4	35
1877	4	36
1877	5	1
1877	5	2
1877	5	3
1877	5	4
1877	5	5
1877	5	6
1877	5	7
1877	5	8
1877	5	9
1877	5	10
1877	5	11
1877	5	12
1877	5	13
1877	5	14
1877	5	15
1877	5	16
1877	5	17
1877	5	18
1877	5	19
1877	5	20
95557	1	1
95557	1	2
95557	1	3
95557	1	4
95557	1	5
95557	1	6
95557	1	7
95557	1	8
95557	2	1
95557	2	2
95557	2	3
95557	2	4
95557	2	5
95557	2	6
95557	2	7
95557	2	8
95557	2	9
95557	3	1
95557	3	2
95557	3	3
95557	3	4
95557	3	5
95557	3	6
95557	3	7
95557	3	8
95557	4	1
95557	4	2
95557	4	3
95557	4	4
95557	4	5
95557	4	6
95557	4	7
95557	4	8
99588	1	1
99588	1	2
99588	1	3
99588	1	4
99588	1	5
99588	1	6
45140	1	1
45140	1	2
45140	1	3
45140	1	4
45140	1	5
45140	1	6
45140	1	7
45140	1	8
45140	1	9
45140	1	10
45140	1	11
45140	1	12
45140	1	13
45140	1	14
45140	1	15
45140	1	16
45140	1	17
45140	1	18
45140	1	19
45140	1	20
45140	1	21
45140	1	22
45140	1	23
45140	1	24
45140	1	25
45140	1	26
45140	2	1
45140	2	2
45140	2	3
45140	2	4
45140	2	5
45140	2	6
45140	2	7
45140	2	8
45140	2	9
45140	2	10
45140	2	11
45140	2	12
45140	2	13
45140	2	14
45140	2	15
45140	2	16
45140	2	17
45140	2	18
45140	2	19
45140	2	20
45140	2	21
45140	2	22
45140	2	23
45140	2	24
45140	2	25
45140	2	26
45140	3	1
45140	3	2
45140	3	3
45140	3	4
45140	3	5
45140	3	6
45140	3	7
45140	3	8
45140	3	9
45140	3	10
45140	3	11
45140	3	12
45140	3	13
45140	3	14
45140	3	15
45140	3	16
45140	3	17
45140	3	18
45140	3	19
45140	3	20
45140	3	21
45140	3	22
45140	3	23
45140	4	1
45140	4	2
45140	4	3
45140	4	4
45140	4	5
45140	4	6
45140	4	7
45140	4	8
45140	4	9
45140	4	10
45140	4	11
45140	4	12
45140	4	13
45140	4	14
45140	4	15
45140	4	16
45140	4	17
45140	4	18
45140	4	19
45140	4	20
45140	4	21
45140	4	22
45140	4	23
45140	4	24
45140	4	25
45140	4	26
45140	5	1
45140	5	2
45140	5	3
45140	5	4
45140	5	5
45140	5	6
45140	5	7
45140	5	8
45140	5	9
45140	5	10
45140	5	11
45140	5	12
45140	5	13
45140	5	14
45140	5	15
45140	5	16
45140	5	17
45140	5	18
45140	5	19
45140	5	20
45140	5	21
45140	5	22
45140	5	23
45140	5	24
45140	5	25
45140	5	26
45140	6	1
45140	6	2
45140	6	3
45140	6	4
45140	6	5
45140	6	6
45140	6	7
45140	6	8
45140	6	9
45140	6	10
45140	6	11
45140	6	12
45140	6	13
45140	6	14
45140	6	15
45140	6	16
45140	6	17
45140	6	18
45140	6	19
45140	6	20
45140	6	21
45140	6	22
45140	6	23
45140	6	24
45140	6	25
45140	6	26
45140	6	27
45140	6	28
45140	6	29
45140	6	30
45140	6	31
45140	6	32
45140	6	33
45140	6	34
45140	6	35
45140	6	36
45140	6	37
45140	6	38
45140	6	39
45140	6	40
45140	6	41
45140	6	42
45140	6	43
45140	6	44
45140	6	45
45140	6	46
45140	6	47
45140	6	48
45140	6	49
45140	6	50
45140	6	51
45140	6	52
45140	7	1
45140	7	2
45140	7	3
45140	7	4
45140	7	5
45140	7	6
45140	7	7
45140	7	8
45140	7	9
45140	7	10
45140	7	11
45140	7	12
45140	7	13
45140	7	14
45140	7	15
45140	7	16
45140	7	17
45140	7	18
45140	7	19
45140	7	20
45140	7	21
45140	7	22
45140	7	23
45140	7	24
45140	7	25
45140	7	26
45140	7	27
45140	7	28
45140	7	29
45140	7	30
45140	7	31
45140	7	32
45140	7	33
45140	7	34
45140	7	35
45140	7	36
45140	7	37
45140	7	38
45140	7	39
45140	7	40
45140	7	41
45140	7	42
45140	7	43
45140	7	44
45140	7	45
45140	7	46
45140	7	47
45140	7	48
45140	7	49
45140	7	50
45140	7	51
45140	7	52
45140	8	1
45140	8	2
45140	8	3
45140	8	4
45140	8	5
45140	8	6
45140	8	7
45140	8	8
45140	8	9
45140	8	10
45140	8	11
45140	8	12
45140	8	13
45140	8	14
45140	8	15
45140	8	16
45140	8	17
45140	8	18
45140	8	19
45140	8	20
45140	8	21
45140	8	22
45140	8	23
45140	8	24
45140	9	1
45140	9	2
45140	9	3
45140	9	4
45140	9	5
45140	9	6
45140	9	7
45140	9	8
45140	9	9
45140	9	10
45140	9	11
45140	9	12
45140	9	13
45140	9	14
45140	9	15
45140	9	16
45140	9	17
45140	9	18
45140	9	19
45140	9	20
45140	9	21
45140	9	22
45140	9	23
45140	9	24
3934	1	1
3934	1	2
3934	1	3
3934	1	4
3934	1	5
3934	1	6
3934	1	7
3934	1	8
3934	1	9
3934	1	10
3934	1	11
3934	1	12
3934	1	13
3934	1	14
3934	1	15
3934	1	16
3934	1	17
3934	1	18
3934	1	19
3934	1	20
3934	1	21
3934	1	22
3934	1	23
3934	1	24
3934	1	25
3934	1	26
3934	2	1
3934	2	2
3934	2	3
3934	2	4
3934	2	5
3934	2	6
3934	2	7
3934	2	8
3934	2	9
3934	2	10
3934	2	11
3934	2	12
3934	2	13
3934	2	14
3934	2	15
3934	2	16
3934	2	17
3934	2	18
3934	2	19
3934	2	20
3934	2	21
3934	2	22
3934	2	23
3934	2	24
3934	2	25
3934	2	26
3934	2	27
3934	2	28
3934	2	29
3934	2	30
3934	2	31
3934	2	32
3934	2	33
3934	2	34
3934	2	35
3934	2	36
3934	2	37
3934	2	38
3934	2	39
3934	3	1
3934	3	2
3934	3	3
3934	3	4
3934	3	5
3934	3	6
3934	3	7
3934	3	8
3934	3	9
3934	3	10
3934	3	11
3934	3	12
3934	3	13
3934	3	14
3934	3	15
3934	3	16
3934	3	17
3934	3	18
3934	3	19
3934	3	20
3934	3	21
3934	3	22
3934	3	23
3934	3	24
3934	3	25
3934	3	26
3934	3	27
3934	3	28
3934	3	29
3934	3	30
3934	3	31
3934	3	32
3934	3	33
3934	3	34
3934	3	35
3934	4	1
3934	4	2
3934	4	3
3934	4	4
3934	4	5
3934	4	6
3934	4	7
3934	4	8
3934	4	9
3934	4	10
3934	4	11
3934	4	12
3934	4	13
3934	4	14
3934	4	15
3934	4	16
3934	4	17
3934	4	18
3934	4	19
3934	4	20
3934	4	21
3934	4	22
3934	5	1
3934	5	2
3934	5	3
3934	5	4
3934	5	5
3934	5	6
3934	5	7
3934	5	8
3934	5	9
3934	5	10
61175	1	1
61175	1	2
61175	1	3
61175	1	4
61175	1	5
61175	1	6
61175	1	7
61175	1	8
61175	1	9
61175	1	10
61175	1	11
61175	1	12
61175	1	13
61175	1	14
61175	1	15
61175	1	16
61175	1	17
61175	1	18
61175	1	19
61175	1	20
61175	1	21
61175	1	22
61175	1	23
61175	1	24
61175	1	25
61175	1	26
61175	1	27
61175	1	28
61175	1	29
61175	1	30
61175	1	31
61175	1	32
61175	1	33
61175	1	34
61175	1	35
61175	1	36
61175	1	37
61175	1	38
61175	1	39
61175	1	40
61175	1	41
61175	1	42
61175	1	43
61175	1	44
61175	1	45
61175	1	46
61175	1	47
61175	1	48
61175	1	49
61175	1	50
61175	1	51
61175	1	52
61175	2	1
61175	2	2
61175	2	3
61175	2	4
61175	2	5
61175	2	6
61175	2	7
61175	2	8
61175	2	9
61175	2	10
61175	2	11
61175	2	12
61175	2	13
61175	2	14
61175	2	15
61175	2	16
61175	2	17
61175	2	18
61175	2	19
61175	2	20
61175	2	21
61175	2	22
61175	2	23
61175	2	24
61175	2	25
61175	3	1
61175	3	2
61175	3	3
61175	3	4
61175	3	5
61175	3	6
61175	3	7
61175	3	8
61175	3	9
61175	3	10
61175	3	11
61175	3	12
61175	3	13
61175	3	14
61175	3	15
61175	3	16
61175	3	17
61175	3	18
61175	3	19
61175	3	20
61175	3	21
61175	3	22
61175	3	23
61175	3	24
61175	3	25
61175	3	26
61175	3	27
61175	3	28
61175	4	1
61175	4	2
61175	4	3
61175	4	4
61175	4	5
61175	4	6
61175	4	7
61175	4	8
61175	4	9
61175	4	10
61175	4	11
61175	4	12
61175	4	13
61175	4	14
61175	4	15
61175	4	16
61175	4	17
61175	4	18
61175	4	19
61175	4	20
61175	4	21
61175	4	22
61175	4	23
61175	4	24
61175	5	1
61175	5	2
61175	5	3
61175	5	4
61175	5	5
61175	5	6
61175	5	7
61175	5	8
61175	5	9
61175	5	10
61175	5	11
61175	5	12
61175	5	13
61175	5	14
61175	5	15
61175	5	16
61175	5	17
61175	5	18
61175	5	19
61175	5	20
61175	5	21
61175	5	22
61175	5	23
61175	5	24
61175	5	25
61175	5	26
61175	5	27
61175	5	28
61175	6	1
61175	6	2
61175	6	3
61175	6	4
61175	6	5
61175	6	6
61175	6	7
61175	6	8
61175	6	9
61175	6	10
61175	6	11
61175	6	12
61175	6	13
61175	6	14
61175	6	15
61175	6	16
61175	6	17
61175	6	18
61175	6	19
61175	6	20
85937	1	1
85937	1	2
85937	1	3
85937	1	4
85937	1	5
85937	1	6
85937	1	7
85937	1	8
85937	1	9
85937	1	10
85937	1	11
85937	1	12
85937	1	13
85937	1	14
85937	1	15
85937	1	16
85937	1	17
85937	1	18
85937	1	19
85937	1	20
85937	1	21
85937	1	22
85937	1	23
85937	1	24
85937	1	25
85937	1	26
85937	2	1
85937	2	2
85937	2	3
85937	2	4
85937	2	5
85937	2	6
85937	2	7
85937	3	1
85937	3	2
85937	3	3
85937	3	4
85937	3	5
85937	3	6
85937	3	7
85937	3	8
85937	3	9
85937	3	10
85937	3	11
85937	4	1
85937	4	2
85937	4	3
85937	4	4
85937	4	5
85937	4	6
85937	4	7
85937	4	8
85937	4	9
85937	4	10
85937	4	11
85937	5	1
85937	5	2
85937	5	3
85937	5	4
85937	5	5
85937	5	6
85937	5	7
85937	5	8
73021	1	1
73021	1	2
73021	1	3
73021	1	4
73021	1	5
73021	1	6
73021	1	7
73021	1	8
73021	1	9
73021	1	10
73021	2	1
73021	2	2
73021	2	3
73021	2	4
73021	2	5
73021	2	6
73021	2	7
73021	2	8
73021	2	9
73021	2	10
73021	3	1
73021	3	2
73021	3	3
73021	3	4
73021	3	5
73021	3	6
73021	3	7
73021	3	8
73021	3	9
73021	3	10
73021	4	1
73021	4	2
73021	4	3
73021	4	4
73021	4	5
73021	4	6
73021	4	7
73021	4	8
73021	4	9
73021	4	10
73021	5	1
73021	5	2
73021	5	3
73021	5	4
73021	5	5
73021	5	6
73021	5	7
73021	5	8
73021	5	9
73021	5	10
260823	1	1
260823	1	2
260823	1	3
260823	1	4
260823	1	5
260823	1	6
260823	1	7
260823	1	8
260823	1	9
260823	1	10
260823	1	11
260823	1	12
260823	2	1
260823	2	2
260823	2	3
260823	2	4
260823	2	5
280110	1	1
280110	1	2
280110	1	3
280110	1	4
280110	1	5
280110	1	6
280110	1	7
280110	1	8
280110	1	9
280110	1	10
280110	1	11
280110	1	12
280110	1	13
280110	1	14
280110	1	15
280110	1	16
280110	1	17
280110	1	18
280110	1	19
280110	1	20
280110	1	21
280110	1	22
280110	1	23
280110	1	24
280110	1	25
280110	1	26
280110	2	1
280110	2	2
280110	2	3
280110	2	4
280110	2	5
280110	2	6
280110	2	7
280110	2	8
280110	2	9
280110	2	10
280110	2	11
280110	2	12
280110	2	13
44317	1	1
44317	1	2
44317	1	3
44317	1	4
44317	1	5
44317	1	6
44317	1	7
44317	1	8
44317	1	9
44317	1	10
44317	1	11
44317	1	12
44317	1	13
44317	1	14
44317	1	15
44317	1	16
44317	1	17
44317	1	18
44317	1	19
44317	1	20
44317	1	21
44317	1	22
44317	1	23
44317	1	24
44317	1	25
44317	1	26
44317	1	27
44317	1	28
44317	1	29
44317	1	30
44317	1	31
44317	1	32
44317	1	33
44317	1	34
44317	1	35
44317	1	36
44317	1	37
44317	1	38
44317	1	39
44317	1	40
44317	1	41
44317	1	42
44317	1	43
44317	1	44
44317	1	45
44317	1	46
44317	1	47
44317	1	48
44317	1	49
44317	1	50
44317	1	51
44317	1	52
44317	1	53
44317	1	54
44317	1	55
44317	1	56
44317	1	57
44317	1	58
44317	1	59
44317	1	60
44317	1	61
44317	1	62
44317	1	63
44317	1	64
44317	1	65
44317	1	66
44317	1	67
44317	1	68
44317	1	69
44317	1	70
44317	1	71
44317	1	72
44317	1	73
44317	1	74
44317	1	75
44317	1	76
44317	1	77
44317	1	78
44317	1	79
44317	1	80
44317	1	81
44317	1	82
44317	1	83
44317	1	84
44317	1	85
44317	1	86
44317	1	87
44317	1	88
44317	1	89
44317	1	90
44317	1	91
44317	1	92
44317	1	93
44317	1	94
44317	1	95
44317	1	96
44317	1	97
74323	1	1
74323	1	2
74323	1	3
74323	1	4
74323	1	5
74323	1	6
74323	1	7
74323	1	8
74323	1	9
74323	1	10
74323	1	11
74323	1	12
74323	1	13
74323	1	14
74323	1	15
74323	1	16
74323	1	17
74323	1	18
74323	1	19
74323	1	20
74323	1	21
74323	1	22
74323	1	23
74323	1	24
74323	1	25
74323	2	1
74323	2	2
74323	2	3
74323	2	4
74323	2	5
74323	2	6
74323	2	7
74323	2	8
74323	2	9
74323	2	10
74323	2	11
74323	2	12
74323	2	13
74323	2	14
74323	2	15
74323	2	16
74323	2	17
74323	2	18
74323	2	19
74323	2	20
74323	2	21
74323	2	22
74323	2	23
3570	1	1
3570	1	2
3570	1	3
3570	1	4
3570	1	5
3570	1	6
3570	1	7
3570	1	8
3570	1	9
3570	1	10
3570	1	11
3570	1	12
3570	1	13
3570	1	14
3570	1	15
3570	1	16
3570	1	17
3570	1	18
3570	1	19
3570	1	20
3570	1	21
3570	1	22
3570	1	23
3570	1	24
3570	1	25
3570	1	26
3570	1	27
3570	1	28
3570	1	29
3570	1	30
3570	1	31
3570	1	32
3570	1	33
3570	1	34
3570	1	35
3570	1	36
3570	1	37
3570	1	38
3570	1	39
3570	1	40
3570	1	41
3570	1	42
3570	1	43
3570	1	44
3570	1	45
3570	1	46
3570	2	1
3570	2	2
3570	2	3
3570	2	4
3570	2	5
3570	2	6
3570	2	7
3570	2	8
3570	2	9
3570	2	10
3570	2	11
3570	2	12
3570	2	13
3570	2	14
3570	2	15
3570	2	16
3570	2	17
3570	2	18
3570	2	19
3570	2	20
3570	2	21
3570	2	22
3570	2	23
3570	2	24
3570	2	25
3570	2	26
3570	2	27
3570	2	28
3570	2	29
3570	2	30
3570	2	31
3570	2	32
3570	2	33
3570	2	34
3570	2	35
3570	2	36
3570	2	37
3570	2	38
3570	2	39
3570	2	40
3570	2	41
3570	2	42
3570	2	43
3570	3	1
3570	3	2
3570	3	3
3570	3	4
3570	3	5
3570	3	6
3570	3	7
3570	3	8
3570	3	9
3570	3	10
3570	3	11
3570	3	12
3570	3	13
3570	3	14
3570	3	15
3570	3	16
3570	3	17
3570	3	18
3570	3	19
3570	3	20
3570	3	21
3570	3	22
3570	3	23
3570	3	24
3570	3	25
3570	3	26
3570	3	27
3570	3	28
3570	3	29
3570	3	30
3570	3	31
3570	3	32
3570	3	33
3570	3	34
3570	3	35
3570	3	36
3570	3	37
3570	3	38
3570	4	1
3570	4	2
3570	4	3
3570	4	4
3570	4	5
3570	4	6
3570	4	7
3570	4	8
3570	4	9
3570	4	10
3570	4	11
3570	4	12
3570	4	13
3570	4	14
3570	4	15
3570	4	16
3570	4	17
3570	4	18
3570	4	19
3570	4	20
3570	4	21
3570	4	22
3570	4	23
3570	4	24
3570	4	25
3570	4	26
3570	4	27
3570	4	28
3570	4	29
3570	4	30
3570	4	31
3570	4	32
3570	4	33
3570	4	34
3570	4	35
3570	4	36
3570	4	37
3570	4	38
3570	4	39
3570	5	1
3570	5	2
3570	5	3
3570	5	4
3570	5	5
3570	5	6
3570	5	7
3570	5	8
3570	5	9
3570	5	10
3570	5	11
3570	5	12
3570	5	13
3570	5	14
3570	5	15
3570	5	16
3570	5	17
3570	5	18
3570	5	19
3570	5	20
3570	5	21
3570	5	22
3570	5	23
3570	5	24
3570	5	25
3570	5	26
3570	5	27
3570	5	28
3570	5	29
3570	5	30
3570	5	31
3570	5	32
3570	5	33
3570	5	34
84503	1	1
84503	1	2
84503	1	3
84503	1	4
84503	1	5
84503	1	6
84503	1	7
84503	1	8
4574	1	1
4574	1	2
4574	1	3
4574	1	4
4574	1	5
4574	1	6
4574	1	7
4574	1	8
4574	1	9
4574	1	10
4574	1	11
4574	1	12
4574	1	13
4574	2	1
4574	2	2
4574	2	3
4574	2	4
4574	2	5
4574	2	6
4574	2	7
4574	2	8
4574	2	9
4574	2	10
4574	2	11
4574	2	12
4574	2	13
95594	1	1
95594	1	2
95594	1	3
95594	1	4
95594	1	5
95594	1	6
95594	1	7
95594	1	8
95594	2	1
95594	2	2
95594	2	3
95594	2	4
95594	2	5
95594	2	6
95594	2	7
95594	2	8
95594	3	1
95594	3	2
95594	3	3
95594	3	4
95594	3	5
95594	3	6
95594	3	7
95594	3	8
95594	4	1
95594	4	2
95594	4	3
95594	4	4
95594	4	5
95594	4	6
95594	4	7
95594	4	8
46260	1	1
46260	1	2
46260	1	3
46260	1	4
46260	1	5
46260	1	6
46260	1	7
46260	1	8
46260	1	9
46260	1	10
46260	1	11
46260	1	12
46260	1	13
46260	1	14
46260	1	15
46260	1	16
46260	1	17
46260	1	18
46260	1	19
46260	1	20
46260	1	21
46260	1	22
46260	1	23
46260	1	24
46260	1	25
46260	1	26
46260	1	27
46260	1	28
46260	1	29
46260	1	30
46260	1	31
46260	1	32
46260	1	33
46260	1	34
46260	1	35
46260	1	36
46260	1	37
46260	1	38
46260	1	39
46260	1	40
46260	1	41
46260	1	42
46260	1	43
46260	1	44
46260	1	45
46260	1	46
46260	1	47
46260	1	48
46260	1	49
46260	1	50
46260	1	51
46260	1	52
46260	2	1
46260	2	2
46260	2	3
46260	2	4
46260	2	5
46260	2	6
46260	2	7
46260	2	8
46260	2	9
46260	2	10
46260	2	11
46260	2	12
46260	2	13
46260	2	14
46260	2	15
46260	2	16
46260	2	17
46260	2	18
46260	2	19
46260	2	20
46260	2	21
46260	2	22
46260	2	23
46260	2	24
46260	2	25
46260	2	26
46260	2	27
46260	2	28
46260	2	29
46260	2	30
46260	2	31
46260	2	32
46260	2	33
46260	2	34
46260	2	35
46260	2	36
46260	2	37
46260	2	38
46260	2	39
46260	2	40
46260	2	41
46260	2	42
46260	2	43
46260	2	44
46260	2	45
46260	2	46
46260	2	47
46260	2	48
46260	2	49
46260	2	50
46260	2	51
46260	2	52
46260	3	1
46260	3	2
46260	3	3
46260	3	4
46260	3	5
46260	3	6
46260	3	7
46260	3	8
46260	3	9
46260	3	10
46260	3	11
46260	3	12
46260	3	13
46260	3	14
46260	3	15
46260	3	16
46260	3	17
46260	3	18
46260	3	19
46260	3	20
46260	3	21
46260	3	22
46260	3	23
46260	3	24
46260	3	25
46260	3	26
46260	3	27
46260	3	28
46260	3	29
46260	3	30
46260	3	31
46260	3	32
46260	3	33
46260	3	34
46260	3	35
46260	3	36
46260	3	37
46260	3	38
46260	3	39
46260	3	40
46260	3	41
46260	3	42
46260	3	43
46260	3	44
46260	3	45
46260	3	46
46260	3	47
46260	3	48
46260	3	49
46260	3	50
46260	3	51
46260	3	52
46260	3	53
46260	3	54
46260	4	1
46260	4	2
46260	4	3
46260	4	4
46260	4	5
46260	4	6
46260	4	7
46260	4	8
46260	4	9
46260	4	10
46260	4	11
46260	4	12
46260	4	13
46260	4	14
46260	4	15
46260	4	16
46260	4	17
46260	4	18
46260	4	19
46260	4	20
46260	4	21
46260	4	22
46260	4	23
46260	4	24
46260	4	25
46260	4	26
46260	4	27
46260	4	28
46260	4	29
46260	4	30
46260	4	31
46260	4	32
46260	4	33
46260	4	34
46260	4	35
46260	4	36
46260	4	37
46260	4	38
46260	4	39
46260	4	40
46260	4	41
46260	4	42
46260	4	43
46260	4	44
46260	4	45
46260	4	46
46260	4	47
46260	4	48
46260	4	49
46260	4	50
46260	4	51
46260	4	52
46260	4	53
46260	4	54
46260	4	55
46260	4	56
46260	4	57
46260	4	58
46260	4	59
46260	4	60
46260	4	61
46260	4	62
46260	5	1
46260	5	2
46260	5	3
46260	5	4
46260	5	5
46260	5	6
46260	5	7
46260	5	8
46260	5	9
46260	5	10
46260	5	11
46260	5	12
46260	5	13
46260	5	14
46260	5	15
46260	5	16
46260	5	17
46260	5	18
46260	5	19
46260	5	20
46260	5	21
46260	5	22
46260	6	1
46260	6	2
46260	6	3
46260	6	4
46260	6	5
46260	6	6
46260	6	7
46260	6	8
46260	6	9
46260	6	10
46260	6	11
46260	6	12
46260	6	13
46260	6	14
46260	6	15
46260	6	16
46260	6	17
46260	6	18
46260	6	19
46260	6	20
46260	6	21
46260	6	22
46260	6	23
46260	6	24
46260	6	25
46260	7	1
46260	7	2
46260	7	3
46260	7	4
46260	7	5
46260	7	6
46260	7	7
46260	7	8
46260	7	9
46260	7	10
46260	7	11
46260	7	12
46260	7	13
46260	7	14
46260	7	15
46260	7	16
46260	7	17
46260	7	18
46260	7	19
46260	7	20
46260	7	21
46260	7	22
46260	7	23
46260	7	24
615	1	1
615	1	2
615	1	3
615	1	4
615	1	5
615	1	6
615	1	7
615	1	8
615	1	9
615	1	10
615	1	11
615	1	12
615	1	13
615	2	1
615	2	2
615	2	3
615	2	4
615	2	5
615	2	6
615	2	7
615	2	8
615	2	9
615	2	10
615	2	11
615	2	12
615	2	13
615	2	14
615	2	15
615	2	16
615	2	17
615	2	18
615	2	19
615	3	1
615	3	2
615	3	3
615	3	4
615	3	5
615	3	6
615	3	7
615	3	8
615	3	9
615	3	10
615	3	11
615	3	12
615	3	13
615	3	14
615	3	15
615	3	16
615	3	17
615	3	18
615	3	19
615	3	20
615	3	21
615	3	22
615	4	1
615	4	2
615	4	3
615	4	4
615	4	5
615	4	6
615	4	7
615	4	8
615	4	9
615	4	10
615	4	11
615	4	12
615	4	13
615	4	14
615	4	15
615	4	16
615	4	17
615	4	18
615	5	1
615	5	2
615	5	3
615	5	4
615	5	5
615	5	6
615	5	7
615	5	8
615	5	9
615	5	10
615	5	11
615	5	12
615	5	13
615	5	14
615	5	15
615	5	16
615	6	1
615	6	2
615	6	3
615	6	4
615	6	5
615	6	6
615	6	7
615	6	8
615	6	9
615	6	10
615	6	11
615	6	12
615	6	13
615	6	14
615	7	1
615	7	2
615	7	3
615	7	4
615	7	5
615	7	6
615	7	7
615	7	8
615	7	9
615	7	10
615	7	11
615	7	12
615	7	13
615	7	14
615	7	15
615	7	16
615	7	17
615	7	18
615	7	19
615	7	20
615	7	21
615	7	22
615	7	23
615	7	24
615	7	25
615	7	26
615	8	1
615	8	2
615	8	3
615	8	4
615	8	5
615	8	6
615	8	7
615	8	8
615	8	9
615	8	10
615	8	11
615	8	12
615	8	13
615	9	1
615	9	2
615	9	3
615	9	4
615	9	5
615	9	6
615	9	7
615	9	8
615	9	9
615	9	10
615	9	11
615	9	12
615	9	13
615	10	1
615	10	2
615	10	3
615	10	4
615	10	5
615	10	6
615	10	7
615	10	8
615	10	9
615	10	10
615	10	11
615	10	12
615	10	13
615	11	1
615	11	2
615	11	3
615	11	4
615	11	5
615	11	6
615	11	7
615	11	8
615	11	9
615	11	10
615	12	1
615	12	2
615	12	3
615	12	4
615	12	5
615	12	6
615	12	7
615	12	8
615	12	9
615	12	10
615	13	1
615	13	2
615	13	3
615	13	4
615	13	5
615	13	6
615	13	7
615	13	8
615	13	9
615	13	10
62715	1	1
62715	1	2
62715	1	3
62715	1	4
62715	1	5
62715	1	6
62715	1	7
62715	1	8
62715	1	9
62715	1	10
62715	1	11
62715	1	12
62715	1	13
62715	1	14
62715	1	15
62715	1	16
62715	1	17
62715	1	18
62715	1	19
62715	1	20
62715	1	21
62715	1	22
62715	1	23
62715	1	24
62715	1	25
62715	1	26
62715	1	27
62715	1	28
62715	1	29
62715	1	30
62715	1	31
62715	1	32
62715	1	33
62715	1	34
62715	1	35
62715	1	36
62715	1	37
62715	1	38
62715	1	39
62715	1	40
62715	1	41
62715	1	42
62715	1	43
62715	1	44
62715	1	45
62715	1	46
62715	1	47
62715	1	48
62715	1	49
62715	1	50
62715	1	51
62715	1	52
62715	1	53
62715	1	54
62715	1	55
62715	1	56
62715	1	57
62715	1	58
62715	1	59
62715	1	60
62715	1	61
62715	1	62
62715	1	63
62715	1	64
62715	1	65
62715	1	66
62715	1	67
62715	1	68
62715	1	69
62715	1	70
62715	1	71
62715	1	72
62715	1	73
62715	1	74
62715	1	75
62715	1	76
62715	1	77
62715	1	78
62715	1	79
62715	1	80
62715	1	81
62715	1	82
62715	1	83
62715	1	84
62715	1	85
62715	1	86
62715	1	87
62715	1	88
62715	1	89
62715	1	90
62715	1	91
62715	1	92
62715	1	93
62715	1	94
62715	1	95
62715	1	96
62715	1	97
62715	1	98
62715	1	99
62715	1	100
62715	1	101
62715	1	102
62715	1	103
62715	1	104
62715	1	105
62715	1	106
62715	1	107
62715	1	108
62715	1	109
62715	1	110
62715	1	111
62715	1	112
62715	1	113
62715	1	114
62715	1	115
62715	1	116
62715	1	117
62715	1	118
62715	1	119
62715	1	120
62715	1	121
62715	1	122
62715	1	123
62715	1	124
62715	1	125
62715	1	126
62715	1	127
62715	1	128
62715	1	129
62715	1	130
62715	1	131
213181	1	1
213181	1	2
213181	1	3
213181	1	4
213181	1	5
213181	1	6
213181	1	7
213181	1	8
213181	1	9
213181	1	10
213181	1	11
213181	1	12
63145	1	1
63145	1	2
63145	1	3
63145	1	4
63145	1	5
63145	1	6
63145	1	7
63145	1	8
63145	1	9
63145	1	10
63145	1	11
63145	1	12
63145	1	13
240	1	1
240	1	2
240	1	3
240	1	4
240	1	5
240	1	6
240	1	7
240	1	8
240	1	9
240	1	10
240	1	11
240	1	12
240	1	13
240	2	1
240	2	2
240	2	3
240	2	4
240	2	5
240	2	6
240	2	7
240	2	8
240	2	9
240	2	10
240	2	11
240	2	12
240	2	13
240	2	14
240	2	15
240	2	16
240	2	17
240	2	18
240	2	19
240	2	20
240	2	21
240	2	22
240	2	23
240	2	24
240	2	25
240	2	26
240	2	27
240	2	28
240	2	29
240	2	30
240	2	31
240	2	32
240	2	33
240	2	34
240	2	35
240	2	36
240	2	37
240	2	38
240	2	39
240	3	1
240	3	2
240	3	3
240	3	4
240	3	5
240	3	6
240	3	7
240	3	8
240	3	9
240	3	10
240	3	11
240	3	12
240	3	13
240	3	14
240	3	15
240	3	16
240	3	17
240	4	1
240	4	2
240	4	3
240	4	4
240	4	5
240	4	6
240	4	7
240	4	8
240	4	9
240	4	10
240	4	11
240	4	12
240	4	13
240	5	1
240	5	2
240	5	3
240	5	4
240	5	5
240	5	6
240	5	7
240	5	8
240	5	9
240	5	10
240	5	11
240	5	12
240	5	13
46928	1	1
46928	1	2
46928	1	3
46928	1	4
46928	1	5
46928	1	6
46928	1	7
46928	1	8
46928	1	9
46928	1	10
46928	1	11
46928	1	12
46928	1	13
46928	1	14
46928	1	15
46928	1	16
46928	1	17
46928	1	18
46928	1	19
46928	1	20
46928	1	21
46928	1	22
46928	1	23
46928	1	24
46928	2	1
46928	2	2
46928	2	3
46928	2	4
46928	2	5
46928	2	6
46928	2	7
46928	2	8
46928	2	9
46928	2	10
46928	2	11
46928	2	12
46928	2	13
46928	2	14
46928	2	15
46928	2	16
46928	2	17
46928	2	18
46928	2	19
46928	2	20
46928	2	21
46928	2	22
46928	2	23
46928	2	24
46928	2	25
46928	2	26
46928	2	27
46928	2	28
46928	2	29
46928	2	30
46928	3	1
46928	3	2
46928	3	3
46928	3	4
46928	3	5
46928	3	6
46928	3	7
46928	3	8
46928	3	9
46928	3	10
46928	3	11
46928	3	12
46928	3	13
46928	3	14
46928	3	15
46928	3	16
46928	3	17
46928	3	18
46928	3	19
46928	3	20
46928	3	21
46928	3	22
46928	3	23
46928	3	24
46928	3	25
46928	3	26
46928	3	27
46928	4	1
46928	4	2
46928	4	3
46928	4	4
46928	4	5
46928	4	6
46928	4	7
46928	4	8
46928	4	9
46928	4	10
46928	4	11
46928	4	12
46928	4	13
46928	4	14
46928	4	15
46928	4	16
46928	4	17
46928	4	18
46928	4	19
46928	4	20
46928	4	21
46928	4	22
46928	4	23
46928	4	24
46928	4	25
46928	4	26
985	1	1
985	1	2
985	1	3
985	1	4
985	1	5
985	1	6
985	1	7
985	1	8
985	1	9
985	1	10
985	1	11
985	1	12
985	1	13
985	1	14
985	1	15
985	1	16
985	1	17
985	1	18
985	1	19
985	1	20
985	1	21
985	1	22
985	1	23
985	1	24
985	1	25
985	1	26
985	1	27
985	1	28
985	1	29
985	1	30
985	1	31
985	1	32
985	1	33
985	1	34
294344	1	1
294344	1	2
294344	1	3
294344	1	4
294344	1	5
294344	1	6
294344	1	7
294344	1	8
294344	1	9
294344	1	10
54728	1	1
54728	1	2
54728	1	3
54728	1	4
54728	1	5
54728	1	6
54728	1	7
54728	1	8
54728	1	9
54728	1	10
54728	1	11
54728	1	12
54728	1	13
54728	1	14
54728	1	15
54728	1	16
54728	1	17
54728	1	18
54728	1	19
54728	1	20
54728	1	21
54728	1	22
54728	1	23
54728	1	24
54728	1	25
54728	1	26
54728	1	27
54728	1	28
54728	1	29
54728	1	30
54728	1	31
54728	1	32
54728	1	33
54728	1	34
54728	1	35
54728	1	36
54728	1	37
54728	1	38
54728	1	39
54728	1	40
54728	1	41
54728	1	42
54728	1	43
54728	1	44
54728	1	45
54728	1	46
54728	1	47
54728	1	48
54728	1	49
54728	1	50
54728	1	51
303927	1	1
303927	1	2
303927	1	3
303927	1	4
303927	1	5
303927	1	6
303927	1	7
303927	1	8
303927	1	9
303927	1	10
303927	1	11
303927	1	12
303927	1	13
303927	1	14
303927	1	15
303927	1	16
303927	1	17
303927	1	18
303927	1	19
303927	1	20
303927	1	21
303927	1	22
303927	1	23
303927	1	24
303927	1	25
303927	1	26
303927	2	1
303927	2	2
303927	2	3
303927	2	4
303927	2	5
303927	2	6
303927	2	7
303927	2	8
303927	2	9
303927	2	10
303927	2	11
303927	2	12
303927	2	13
303927	2	14
303927	2	15
303927	2	16
303927	2	17
303927	2	18
303927	2	19
303927	2	20
303927	2	21
303927	2	22
303927	2	23
303927	2	24
303927	2	25
303927	2	26
303927	3	1
303927	3	2
303927	3	3
303927	3	4
303927	3	5
303927	3	6
303927	3	7
303927	3	8
303927	3	9
303927	3	10
303927	3	11
303927	3	12
303927	3	13
303927	3	14
303927	3	15
303927	3	16
303927	3	17
303927	3	18
303927	3	19
303927	3	20
303927	3	21
303927	3	22
303927	3	23
303927	3	24
303927	3	25
303927	3	26
303927	4	1
303927	4	2
303927	4	3
303927	4	4
303927	4	5
303927	4	6
303927	4	7
303927	4	8
303927	4	9
303927	4	10
303927	4	11
303927	4	12
303927	4	13
303927	5	1
303927	5	2
303927	5	3
303927	5	4
303927	5	5
303927	5	6
303927	5	7
303927	5	8
303927	5	9
303927	5	10
303927	5	11
303927	5	12
303927	5	13
303927	5	14
303927	5	15
303927	5	16
303927	5	17
303927	5	18
303927	5	19
303927	5	20
303927	5	21
95897	1	1
95897	1	2
95897	1	3
95897	1	4
95897	1	5
95897	1	6
95897	1	7
95897	1	8
259140	1	1
259140	1	2
259140	1	3
259140	1	4
259140	1	5
259140	1	6
259140	1	7
259140	1	8
259140	1	9
259140	1	10
259140	1	11
259140	1	12
259140	1	13
259140	1	14
259140	1	15
259140	1	16
259140	1	17
259140	1	18
259140	1	19
259140	1	20
259140	1	21
259140	1	22
259140	1	23
259140	1	24
259140	2	1
259140	2	2
259140	2	3
259140	2	4
259140	2	5
259140	2	6
259140	2	7
259140	2	8
259140	2	9
259140	2	10
259140	2	11
259140	2	12
57706	1	1
57706	1	2
57706	1	3
57706	1	4
57706	1	5
57706	1	6
57706	1	7
57706	1	8
57706	1	9
57706	1	10
57706	1	11
57706	1	12
57706	1	13
57706	1	14
57706	1	15
57706	1	16
57706	1	17
57706	1	18
57706	1	19
57706	1	20
57706	1	21
57706	1	22
57706	1	23
57706	1	24
57706	1	25
57706	1	26
57706	1	27
57706	1	28
57706	1	29
57706	1	30
57706	1	31
57706	1	32
57706	1	33
57706	1	34
57706	1	35
57706	1	36
57706	1	37
57706	1	38
57706	1	39
57706	1	40
57706	1	41
57706	1	42
57706	1	43
57706	1	44
57706	1	45
57706	1	46
57706	1	47
57706	1	48
57706	1	49
57706	1	50
57706	1	51
57706	1	52
57706	1	53
57706	1	54
57706	1	55
57706	1	56
57706	1	57
57706	1	58
57706	1	59
57706	1	60
57706	1	61
57706	1	62
57706	1	63
57706	1	64
57706	1	65
57706	1	66
57706	1	67
57706	1	68
57706	1	69
57706	1	70
57706	1	71
57706	1	72
57706	1	73
57706	1	74
57706	1	75
57706	1	76
57706	1	77
57706	1	78
57706	1	79
57706	1	80
57706	1	81
57706	1	82
57706	1	83
57706	1	84
57706	1	85
57706	1	86
57706	1	87
57706	1	88
57706	1	89
57706	1	90
57706	1	91
57706	1	92
57706	1	93
57706	1	94
57706	1	95
57706	1	96
57706	1	97
57706	1	98
57706	1	99
57706	1	100
57706	1	101
57706	1	102
57706	1	103
57706	1	104
57706	1	105
57706	1	106
57706	1	107
57706	1	108
57706	1	109
57706	1	110
57706	1	111
57706	1	112
57706	1	113
57706	1	114
57706	1	115
57706	1	116
57706	1	117
57706	1	118
57706	1	119
57706	1	120
57706	1	121
57706	1	122
57706	1	123
57706	1	124
57706	1	125
57706	1	126
57706	1	127
57706	1	128
57706	1	129
57706	1	130
57706	1	131
57706	1	132
57706	1	133
57706	1	134
57706	1	135
57706	1	136
57706	1	137
57706	1	138
57706	1	139
57706	1	140
57706	1	141
57706	1	142
57706	1	143
57706	1	144
57706	1	145
57706	1	146
57706	1	147
57706	1	148
57706	1	149
57706	1	150
57706	1	151
57706	1	152
57706	1	153
57706	1	154
57706	1	155
57706	1	156
57706	1	157
57706	1	158
57706	1	159
57706	1	160
57706	1	161
271026	1	1
271026	1	2
271026	1	3
271026	1	4
271026	1	5
271026	1	6
271026	1	7
271026	1	8
70716	1	1
70716	1	2
70716	1	3
70716	1	4
70716	1	5
70716	1	6
70716	1	7
70716	1	8
70716	1	9
70716	1	10
70716	1	11
70716	1	12
240411	1	1
240411	1	2
240411	1	3
240411	1	4
240411	1	5
240411	1	6
240411	1	7
240411	1	8
240411	1	9
240411	1	10
240411	1	11
240411	1	12
240411	2	1
240411	2	2
240411	2	3
240411	2	4
240411	2	5
240411	2	6
240411	2	7
240411	2	8
240411	2	9
240411	2	10
240411	2	11
240411	2	12
88040	1	1
88040	1	2
88040	1	3
88040	1	4
88040	1	5
88040	1	6
88040	1	7
88040	1	8
88040	1	9
88040	1	10
88040	1	11
37854	1	1
37854	1	2
37854	1	3
37854	1	4
37854	1	5
37854	1	6
37854	1	7
37854	1	8
37854	1	9
37854	1	10
37854	1	11
37854	1	12
37854	1	13
37854	1	14
37854	1	15
37854	1	16
37854	1	17
37854	1	18
37854	1	19
37854	1	20
37854	1	21
37854	1	22
37854	1	23
37854	1	24
37854	1	25
37854	1	26
37854	1	27
37854	1	28
37854	1	29
37854	1	30
37854	1	31
37854	1	32
37854	1	33
37854	1	34
37854	1	35
37854	1	36
37854	1	37
37854	1	38
37854	1	39
37854	1	40
37854	1	41
37854	1	42
37854	1	43
37854	1	44
37854	1	45
37854	1	46
37854	1	47
37854	1	48
37854	1	49
37854	1	50
37854	1	51
37854	1	52
37854	1	53
37854	1	54
37854	1	55
37854	1	56
37854	1	57
37854	1	58
37854	1	59
37854	1	60
37854	1	61
37854	1	62
37854	1	63
37854	2	1
37854	2	2
37854	2	3
37854	2	4
37854	2	5
37854	2	6
37854	2	7
37854	2	8
37854	2	9
37854	2	10
37854	2	11
37854	2	12
37854	2	13
37854	2	14
37854	2	15
37854	2	16
37854	3	1
37854	3	2
37854	3	3
37854	3	4
37854	3	5
37854	3	6
37854	3	7
37854	3	8
37854	3	9
37854	3	10
37854	3	11
37854	3	12
37854	3	13
37854	3	14
37854	4	1
37854	4	2
37854	4	3
37854	4	4
37854	4	5
37854	4	6
37854	4	7
37854	4	8
37854	4	9
37854	4	10
37854	4	11
37854	4	12
37854	4	13
37854	4	14
37854	4	15
37854	4	16
37854	4	17
37854	4	18
37854	4	19
37854	4	20
37854	4	21
37854	4	22
37854	4	23
37854	4	24
37854	4	25
37854	4	26
37854	4	27
37854	4	28
37854	4	29
37854	4	30
37854	4	31
37854	4	32
37854	4	33
37854	4	34
37854	4	35
37854	4	36
37854	4	37
37854	4	38
37854	4	39
37854	5	1
37854	5	2
37854	5	3
37854	5	4
37854	5	5
37854	5	6
37854	5	7
37854	5	8
37854	5	9
37854	5	10
37854	5	11
37854	5	12
37854	5	13
37854	6	1
37854	6	2
37854	6	3
37854	6	4
37854	6	5
37854	6	6
37854	6	7
37854	6	8
37854	6	9
37854	6	10
37854	6	11
37854	6	12
37854	6	13
37854	6	14
37854	6	15
37854	6	16
37854	6	17
37854	6	18
37854	6	19
37854	6	20
37854	6	21
37854	6	22
37854	6	23
37854	6	24
37854	6	25
37854	6	26
37854	6	27
37854	6	28
37854	6	29
37854	6	30
37854	6	31
37854	6	32
37854	6	33
37854	6	34
37854	6	35
37854	6	36
37854	6	37
37854	6	38
37854	6	39
37854	6	40
37854	6	41
37854	6	42
37854	6	43
37854	6	44
37854	6	45
37854	6	46
37854	6	47
37854	6	48
37854	6	49
37854	6	50
37854	6	51
37854	6	52
37854	7	1
37854	7	2
37854	7	3
37854	7	4
37854	7	5
37854	7	6
37854	7	7
37854	7	8
37854	7	9
37854	7	10
37854	7	11
37854	7	12
37854	7	13
37854	7	14
37854	7	15
37854	7	16
37854	7	17
37854	7	18
37854	7	19
37854	7	20
37854	7	21
37854	7	22
37854	7	23
37854	7	24
37854	7	25
37854	7	26
37854	7	27
37854	7	28
37854	7	29
37854	7	30
37854	7	31
37854	7	32
37854	7	33
37854	8	1
37854	8	2
37854	8	3
37854	8	4
37854	8	5
37854	8	6
37854	8	7
37854	8	8
37854	8	9
37854	8	10
37854	8	11
37854	8	12
37854	8	13
37854	8	14
37854	8	15
37854	8	16
37854	8	17
37854	8	18
37854	8	19
37854	8	20
37854	8	21
37854	8	22
37854	8	23
37854	8	24
37854	8	25
37854	8	26
37854	8	27
37854	8	28
37854	8	29
37854	8	30
37854	8	31
37854	8	32
37854	8	33
37854	8	34
37854	8	35
37854	9	1
37854	9	2
37854	9	3
37854	9	4
37854	9	5
37854	9	6
37854	9	7
37854	9	8
37854	9	9
37854	9	10
37854	9	11
37854	9	12
37854	9	13
37854	9	14
37854	9	15
37854	9	16
37854	9	17
37854	9	18
37854	9	19
37854	9	20
37854	9	21
37854	9	22
37854	9	23
37854	9	24
37854	9	25
37854	9	26
37854	9	27
37854	9	28
37854	9	29
37854	9	30
37854	9	31
37854	9	32
37854	9	33
37854	9	34
37854	9	35
37854	9	36
37854	9	37
37854	9	38
37854	9	39
37854	9	40
37854	9	41
37854	9	42
37854	9	43
37854	9	44
37854	9	45
37854	9	46
37854	9	47
37854	9	48
37854	9	49
37854	9	50
37854	9	51
37854	9	52
37854	9	53
37854	9	54
37854	9	55
37854	9	56
37854	9	57
37854	9	58
37854	9	59
37854	9	60
37854	9	61
37854	9	62
37854	9	63
37854	9	64
37854	9	65
37854	9	66
37854	9	67
37854	9	68
37854	9	69
37854	9	70
37854	9	71
37854	9	72
37854	9	73
37854	10	1
37854	10	2
37854	10	3
37854	10	4
37854	10	5
37854	10	6
37854	10	7
37854	10	8
37854	10	9
37854	10	10
37854	10	11
37854	10	12
37854	10	13
37854	10	14
37854	10	15
37854	10	16
37854	10	17
37854	10	18
37854	10	19
37854	10	20
37854	10	21
37854	10	22
37854	10	23
37854	10	24
37854	10	25
37854	10	26
37854	10	27
37854	10	28
37854	10	29
37854	10	30
37854	10	31
37854	10	32
37854	10	33
37854	10	34
37854	10	35
37854	10	36
37854	10	37
37854	10	38
37854	10	39
37854	10	40
37854	10	41
37854	10	42
37854	10	43
37854	10	44
37854	10	45
37854	11	1
37854	11	2
37854	11	3
37854	11	4
37854	11	5
37854	11	6
37854	11	7
37854	11	8
37854	11	9
37854	11	10
37854	11	11
37854	11	12
37854	11	13
37854	11	14
37854	11	15
37854	11	16
37854	11	17
37854	11	18
37854	11	19
37854	11	20
37854	11	21
37854	11	22
37854	11	23
37854	11	24
37854	11	25
37854	11	26
37854	12	1
37854	12	2
37854	12	3
37854	12	4
37854	12	5
37854	12	6
37854	12	7
37854	12	8
37854	12	9
37854	12	10
37854	12	11
37854	12	12
37854	12	13
37854	12	14
37854	13	1
37854	13	2
37854	13	3
37854	13	4
37854	13	5
37854	13	6
37854	13	7
37854	13	8
37854	13	9
37854	13	10
37854	13	11
37854	13	12
37854	13	13
37854	13	14
37854	13	15
37854	13	16
37854	13	17
37854	13	18
37854	13	19
37854	13	20
37854	13	21
37854	13	22
37854	13	23
37854	13	24
37854	13	25
37854	13	26
37854	13	27
37854	13	28
37854	13	29
37854	13	30
37854	13	31
37854	13	32
37854	13	33
37854	13	34
37854	13	35
37854	13	36
37854	13	37
37854	13	38
37854	13	39
37854	13	40
37854	13	41
37854	13	42
37854	13	43
37854	13	44
37854	13	45
37854	13	46
37854	13	47
37854	13	48
37854	13	49
37854	13	50
37854	13	51
37854	13	52
37854	13	53
37854	13	54
37854	13	55
37854	13	56
37854	13	57
37854	13	58
37854	13	59
37854	13	60
37854	13	61
37854	13	62
37854	13	63
37854	13	64
37854	13	65
37854	13	66
37854	13	67
37854	13	68
37854	13	69
37854	13	70
37854	13	71
37854	13	72
37854	13	73
37854	13	74
37854	13	75
37854	13	76
37854	13	77
37854	13	78
37854	13	79
37854	13	80
37854	13	81
37854	13	82
37854	13	83
37854	13	84
37854	13	85
37854	13	86
37854	13	87
37854	13	88
37854	13	89
37854	13	90
37854	13	91
37854	13	92
37854	13	93
37854	13	94
37854	13	95
37854	13	96
37854	13	97
37854	13	98
37854	13	99
37854	13	100
37854	13	101
37854	14	1
37854	14	2
37854	14	3
37854	14	4
37854	14	5
37854	14	6
37854	14	7
37854	14	8
37854	14	9
37854	14	10
37854	14	11
37854	14	12
37854	14	13
37854	14	14
37854	14	15
37854	14	16
37854	14	17
37854	14	18
37854	14	19
37854	14	20
37854	14	21
37854	14	22
37854	14	23
37854	14	24
37854	14	25
37854	14	26
37854	14	27
37854	14	28
37854	14	29
37854	14	30
37854	14	31
37854	14	32
37854	14	33
37854	14	34
37854	14	35
37854	14	36
37854	14	37
37854	14	38
37854	14	39
37854	14	40
37854	14	41
37854	14	42
37854	14	43
37854	14	44
37854	14	45
37854	14	46
37854	14	47
37854	14	48
37854	14	49
37854	14	50
37854	14	51
37854	14	52
37854	14	53
37854	14	54
37854	14	55
37854	14	56
37854	14	57
37854	14	58
37854	15	1
37854	15	2
37854	15	3
37854	15	4
37854	15	5
37854	15	6
37854	15	7
37854	15	8
37854	15	9
37854	15	10
37854	15	11
37854	15	12
37854	15	13
37854	15	14
37854	15	15
37854	15	16
37854	15	17
37854	15	18
37854	15	19
37854	15	20
37854	15	21
37854	15	22
37854	15	23
37854	15	24
37854	15	25
37854	15	26
37854	15	27
37854	15	28
37854	15	29
37854	15	30
37854	15	31
37854	15	32
37854	15	33
37854	15	34
37854	15	35
37854	15	36
37854	15	37
37854	15	38
37854	15	39
37854	15	40
37854	15	41
37854	15	42
37854	15	43
37854	15	44
37854	15	45
37854	15	46
37854	15	47
37854	15	48
37854	15	49
37854	15	50
37854	15	51
37854	15	52
37854	15	53
37854	15	54
37854	15	55
37854	15	56
37854	15	57
37854	15	58
37854	15	59
37854	15	60
37854	15	61
37854	15	62
37854	16	1
37854	16	2
37854	16	3
37854	16	4
37854	16	5
37854	16	6
37854	16	7
37854	16	8
37854	16	9
37854	16	10
37854	16	11
37854	16	12
37854	16	13
37854	16	14
37854	16	15
37854	16	16
37854	16	17
37854	16	18
37854	16	19
37854	16	20
37854	16	21
37854	16	22
37854	16	23
37854	16	24
37854	16	25
37854	16	26
37854	16	27
37854	16	28
37854	16	29
37854	16	30
37854	16	31
37854	16	32
37854	16	33
37854	16	34
37854	16	35
37854	16	36
37854	16	37
37854	16	38
37854	16	39
37854	16	40
37854	16	41
37854	16	42
37854	16	43
37854	16	44
37854	16	45
37854	16	46
37854	16	47
37854	16	48
37854	16	49
37854	16	50
37854	16	51
37854	16	52
37854	17	1
37854	17	2
37854	17	3
37854	17	4
37854	17	5
37854	17	6
37854	17	7
37854	17	8
37854	17	9
37854	17	10
37854	17	11
37854	17	12
37854	17	13
37854	17	14
37854	17	15
37854	17	16
37854	17	17
37854	17	18
37854	17	19
37854	17	20
37854	17	21
37854	17	22
37854	17	23
37854	17	24
37854	17	25
37854	17	26
37854	17	27
37854	17	28
37854	17	29
37854	17	30
37854	17	31
37854	17	32
37854	17	33
37854	17	34
37854	17	35
37854	17	36
37854	17	37
37854	17	38
37854	17	39
37854	17	40
37854	17	41
37854	17	42
37854	17	43
37854	17	44
37854	17	45
37854	17	46
37854	17	47
37854	17	48
37854	17	49
37854	17	50
37854	17	51
37854	17	52
37854	17	53
37854	17	54
37854	17	55
37854	17	56
37854	18	1
37854	18	2
37854	18	3
37854	18	4
37854	18	5
37854	18	6
37854	18	7
37854	18	8
37854	18	9
37854	18	10
37854	18	11
37854	18	12
37854	18	13
37854	18	14
37854	18	15
37854	18	16
37854	18	17
37854	18	18
37854	18	19
37854	18	20
37854	18	21
37854	18	22
37854	18	23
37854	18	24
37854	18	25
37854	18	26
37854	18	27
37854	18	28
37854	18	29
37854	18	30
37854	18	31
37854	18	32
37854	18	33
37854	18	34
37854	18	35
37854	18	36
37854	18	37
37854	18	38
37854	18	39
37854	18	40
37854	18	41
37854	18	42
37854	18	43
37854	18	44
37854	18	45
37854	18	46
37854	18	47
37854	18	48
37854	18	49
37854	18	50
37854	18	51
37854	18	52
37854	18	53
37854	18	54
37854	18	55
37854	19	1
37854	19	2
37854	19	3
37854	19	4
37854	19	5
37854	19	6
37854	19	7
37854	19	8
37854	19	9
37854	19	10
37854	19	11
37854	19	12
37854	19	13
37854	19	14
37854	19	15
37854	19	16
37854	19	17
37854	19	18
37854	19	19
37854	19	20
37854	19	21
37854	19	22
37854	19	23
37854	19	24
37854	19	25
37854	19	26
37854	19	27
37854	19	28
37854	19	29
37854	19	30
37854	19	31
37854	19	32
37854	19	33
37854	19	34
37854	19	35
37854	19	36
37854	19	37
37854	19	38
37854	19	39
37854	19	40
37854	19	41
37854	19	42
37854	19	43
37854	19	44
37854	19	45
37854	19	46
37854	19	47
37854	19	48
37854	19	49
37854	19	50
37854	19	51
37854	19	52
37854	19	53
37854	19	54
37854	19	55
37854	19	56
37854	19	57
37854	19	58
37854	19	59
37854	19	60
37854	19	61
37854	19	62
37854	19	63
37854	19	64
37854	19	65
37854	19	66
37854	19	67
37854	19	68
37854	19	69
37854	19	70
37854	19	71
37854	19	72
37854	19	73
37854	19	74
37854	20	1
37854	20	2
37854	20	3
37854	20	4
37854	20	5
37854	20	6
37854	20	7
37854	20	8
37854	20	9
37854	20	10
37854	20	11
37854	20	12
37854	20	13
37854	20	14
37854	21	1
37854	21	2
37854	21	3
37854	21	4
37854	21	5
37854	21	6
37854	21	7
37854	21	8
37854	21	9
37854	21	10
37854	21	11
37854	21	12
37854	21	13
37854	21	14
37854	21	15
37854	21	16
37854	21	17
37854	21	18
37854	21	19
37854	21	20
37854	21	21
37854	21	22
37854	21	23
37854	21	24
37854	21	25
37854	21	26
37854	21	27
37854	21	28
37854	21	29
37854	21	30
37854	21	31
37854	21	32
37854	21	33
37854	21	34
37854	21	35
37854	21	36
37854	21	37
37854	21	38
37854	21	39
37854	21	40
37854	21	41
37854	21	42
37854	21	43
37854	21	44
37854	21	45
37854	21	46
37854	21	47
37854	21	48
37854	21	49
37854	21	50
37854	21	51
37854	21	52
37854	21	53
37854	21	54
37854	21	55
37854	21	56
37854	21	57
37854	21	58
37854	21	59
37854	21	60
37854	21	61
37854	21	62
37854	21	63
37854	21	64
37854	21	65
37854	21	66
37854	21	67
37854	21	68
37854	21	69
37854	21	70
37854	21	71
37854	21	72
37854	21	73
37854	21	74
37854	21	75
37854	21	76
37854	21	77
37854	21	78
37854	21	79
37854	21	80
37854	21	81
37854	21	82
37854	21	83
37854	21	84
37854	21	85
37854	21	86
37854	21	87
37854	21	88
37854	21	89
37854	21	90
37854	21	91
37854	21	92
37854	21	93
37854	21	94
37854	21	95
37854	21	96
37854	21	97
37854	21	98
37854	21	99
37854	21	100
37854	21	101
37854	21	102
37854	21	103
37854	21	104
37854	21	105
37854	21	106
37854	21	107
37854	21	108
37854	21	109
37854	21	110
37854	21	111
37854	21	112
37854	21	113
37854	21	114
37854	21	115
37854	21	116
37854	21	117
37854	21	118
37854	21	119
37854	21	120
37854	21	121
37854	21	122
37854	21	123
37854	21	124
37854	21	125
37854	21	126
37854	21	127
37854	21	128
37854	21	129
37854	21	130
37854	21	131
37854	21	132
37854	21	133
37854	21	134
37854	21	135
37854	21	136
37854	21	137
37854	21	138
37854	21	139
37854	21	140
37854	21	141
37854	21	142
37854	21	143
37854	21	144
37854	21	145
37854	21	146
37854	21	147
37854	21	148
37854	21	149
37854	21	150
37854	21	151
37854	21	152
37854	21	153
37854	21	154
37854	21	155
37854	21	156
37854	21	157
37854	21	158
37854	21	159
37854	21	160
37854	21	161
37854	21	162
37854	21	163
37854	21	164
37854	21	165
37854	21	166
37854	21	167
37854	21	168
37854	21	169
37854	21	170
37854	21	171
37854	21	172
37854	21	173
37854	21	174
37854	21	175
37854	21	176
37854	21	177
37854	21	178
37854	21	179
37854	21	180
37854	21	181
37854	21	182
37854	21	183
37854	21	184
37854	21	185
37854	21	186
37854	21	187
37854	21	188
37854	21	189
37854	21	190
37854	21	191
37854	21	192
37854	21	193
37854	21	194
37854	21	195
37854	21	196
37854	21	197
37854	21	198
37854	21	199
37854	21	200
37854	21	201
37854	21	202
37854	21	203
37854	21	204
37854	21	205
37854	21	206
37854	21	207
37854	21	208
37854	21	209
37854	21	210
37854	21	211
37854	21	212
37854	21	213
37854	21	214
37854	21	215
37854	21	216
37854	21	217
37854	21	218
37854	21	219
37854	21	220
37854	21	221
37854	21	222
37854	21	223
37854	21	224
37854	21	225
37854	21	226
37854	21	227
37854	22	1
37854	22	2
37854	22	3
37854	22	4
37854	22	5
37854	22	6
37854	22	7
37854	22	8
37854	22	9
37854	22	10
37854	22	11
37854	22	12
37854	22	13
37854	22	14
37854	22	15
37854	22	16
37854	22	17
37854	22	18
37854	22	19
37854	22	20
37854	22	21
37854	22	22
37854	22	23
37854	22	24
37854	22	25
37854	22	26
37854	22	27
37854	22	28
37854	22	29
37854	22	30
37854	22	31
37854	22	32
37854	22	33
37854	22	34
37854	22	35
37854	22	36
37854	22	37
37854	22	38
37854	22	39
37854	22	40
37854	22	41
37854	22	42
37854	22	43
37854	22	44
37854	22	45
37854	22	46
37854	22	47
37854	22	48
37854	22	49
37854	22	50
37854	22	51
37854	22	52
37854	22	53
37854	22	54
37854	22	55
37854	22	56
37854	22	57
37854	22	58
37854	22	59
37854	22	60
37854	22	61
37854	22	62
37854	22	63
37854	22	64
37854	22	65
37854	22	66
37854	22	67
102661	1	18
103944	1	2
104032	1	49
105044	1	7
105211	1	3
105644	5	17
108911	2	33
110911	2	26
112138	1	1
112138	1	2
112138	1	3
112138	1	4
112138	1	5
112138	1	6
112138	1	7
112138	1	8
112138	1	9
112138	1	20
112601	1	148
112613	1	160
112615	1	162
112616	1	163
113687	2	22
118017	1	64
119168	1	1
119168	1	2
119168	1	3
119168	1	4
119168	1	5
119168	1	6
119168	1	7
119168	1	8
119168	1	9
119168	1	10
119168	1	11
119168	1	12
119168	1	13
119168	1	14
119168	1	15
119168	1	16
119168	1	17
119168	1	18
119168	1	19
119168	1	20
119168	1	21
119168	1	22
119168	1	23
119168	1	24
119168	1	25
119168	1	26
121792	1	121
122826	1	1
12577	1	1
12577	1	2
12577	1	3
12577	1	4
12577	1	5
12577	1	6
12577	1	7
12577	1	8
12609	1	1
12609	1	2
12609	1	3
12609	1	4
12609	1	5
12609	1	6
12609	1	7
12609	1	8
12609	1	9
12609	1	10
12609	1	11
12609	1	12
12609	1	13
12609	1	14
12609	1	15
12609	1	16
12609	1	17
12609	1	18
12609	1	19
12609	1	20
12609	1	21
12609	1	22
12609	1	23
12609	1	24
12609	1	25
12609	1	26
12609	1	27
12609	1	28
12609	1	29
12609	1	30
12609	1	31
12609	1	32
12609	1	33
12609	1	34
12609	1	35
12609	1	36
12609	1	37
12609	1	38
12609	1	39
12609	1	40
12609	1	41
12609	1	42
12609	1	43
12609	1	44
12609	1	45
12609	1	46
12609	1	47
12609	1	48
12609	1	49
12609	1	50
12609	1	51
12609	1	52
12609	1	53
12609	1	54
12609	1	55
12609	1	56
12609	1	57
12609	1	58
12609	1	59
12609	1	60
12609	1	61
12609	1	62
12609	1	63
12609	1	64
12609	1	65
12609	1	66
12609	1	67
12609	1	68
12609	1	69
12609	1	70
12609	1	71
12609	1	72
12609	1	73
12609	1	74
12609	1	75
12609	1	76
12609	1	77
12609	1	78
12609	1	79
12609	1	80
12609	1	81
12609	1	82
12609	1	83
12609	1	84
12609	1	85
12609	1	86
12609	1	87
12609	1	88
12609	1	89
12609	1	90
12609	1	91
12609	1	92
12609	1	93
12609	1	94
12609	1	95
12609	1	96
12609	1	97
12609	1	98
12609	1	99
12609	1	100
12609	1	101
12609	1	102
12609	1	103
12609	1	104
12609	1	105
12609	1	106
12609	1	107
12609	1	108
12609	1	109
12609	1	110
12609	1	111
12609	1	112
12609	1	113
12609	1	114
12609	1	115
12609	1	116
12609	1	117
12609	1	118
12609	1	119
12609	1	120
12609	1	121
12609	1	122
12609	1	123
12609	1	124
12609	1	125
12609	1	126
12609	1	127
12609	1	128
12609	1	129
12609	1	130
12609	1	131
12609	1	132
12609	1	133
12609	1	134
12609	1	135
12609	1	136
12609	1	137
12609	1	138
12609	1	139
12609	1	140
12609	1	141
12609	1	142
12609	1	143
12609	1	144
12609	1	145
12609	1	146
12609	1	147
12609	1	148
12609	1	149
12609	1	150
12609	1	151
12609	1	152
12609	1	153
128118	1	5
128237	3	3
128510	1	4
128826	1	155
12971	1	1
12971	1	2
12971	1	3
12971	1	4
12971	1	5
12971	1	6
12971	1	7
12971	1	8
12971	1	9
12971	1	10
12971	1	11
12971	1	12
12971	1	13
12971	1	14
12971	1	15
12971	1	16
12971	1	17
12971	1	18
12971	1	19
12971	1	20
12971	1	21
12971	1	22
12971	1	23
12971	1	24
12971	1	25
12971	1	26
12971	1	27
12971	1	28
12971	1	29
12971	1	30
12971	1	31
12971	1	32
12971	1	33
12971	1	34
12971	1	35
12971	1	36
12971	1	37
12971	1	38
12971	1	39
12971	2	1
12971	2	2
12971	2	3
12971	2	4
12971	2	5
12971	2	6
12971	2	7
12971	2	8
12971	2	9
12971	2	10
12971	2	11
12971	2	12
12971	2	13
12971	2	14
12971	2	15
12971	2	16
12971	2	17
12971	2	18
12971	2	19
12971	2	20
12971	2	21
12971	2	22
12971	2	23
12971	2	24
12971	2	25
12971	2	26
12971	2	27
12971	2	28
12971	2	29
12971	2	30
12971	2	31
12971	2	32
12971	2	33
12971	2	34
12971	2	35
12971	3	1
12971	3	2
12971	3	3
12971	3	4
12971	3	5
12971	3	6
12971	3	7
12971	3	8
12971	3	9
12971	3	10
12971	3	11
12971	3	12
12971	3	13
12971	3	14
12971	3	15
12971	3	16
12971	3	17
12971	3	18
12971	3	19
12971	3	20
12971	3	21
12971	3	22
12971	3	23
12971	3	24
12971	3	25
12971	3	26
12971	3	27
12971	3	28
12971	3	29
12971	3	30
12971	3	31
12971	3	32
12971	3	33
12971	4	1
12971	4	2
12971	4	3
12971	4	4
12971	4	5
12971	4	6
12971	4	7
12971	4	8
12971	4	9
12971	4	10
12971	4	11
12971	4	12
12971	4	13
12971	4	14
12971	4	15
12971	4	16
12971	4	17
12971	4	18
12971	4	19
12971	4	20
12971	4	21
12971	4	22
12971	4	23
12971	4	24
12971	4	25
12971	4	26
12971	4	27
12971	4	28
12971	4	29
12971	4	30
12971	4	31
12971	4	32
12971	5	1
12971	5	2
12971	5	3
12971	5	4
12971	5	5
12971	5	6
12971	5	7
12971	5	8
12971	5	9
12971	5	10
12971	5	11
12971	5	12
12971	5	13
12971	5	14
12971	5	15
12971	5	16
12971	5	17
12971	5	18
12971	5	19
12971	5	20
12971	5	21
12971	5	22
12971	5	23
12971	5	24
12971	5	25
12971	5	26
12971	6	1
12971	6	2
12971	6	3
12971	6	4
12971	6	5
12971	6	6
12971	6	7
12971	6	8
12971	6	9
12971	6	10
12971	6	11
12971	6	12
12971	6	13
12971	6	14
12971	6	15
12971	6	16
12971	6	17
12971	6	18
12971	6	19
12971	6	20
12971	6	21
12971	6	22
12971	6	23
12971	6	24
12971	6	25
12971	6	26
12971	6	27
12971	6	28
12971	6	29
12971	7	1
12971	7	2
12971	7	3
12971	7	4
12971	7	5
12971	7	6
12971	7	7
12971	7	8
12971	7	9
12971	7	10
12971	7	11
12971	7	12
12971	7	13
12971	7	14
12971	7	15
12971	7	16
12971	7	17
12971	7	18
12971	7	19
12971	7	20
12971	7	21
12971	7	22
12971	7	23
12971	7	24
12971	7	25
12971	8	1
12971	8	2
12971	8	3
12971	8	4
12971	8	5
12971	8	6
12971	8	7
12971	8	8
12971	8	9
12971	8	10
12971	8	11
12971	8	12
12971	8	13
12971	8	14
12971	8	15
12971	8	16
12971	8	17
12971	8	18
12971	8	19
12971	8	20
12971	8	21
12971	8	22
12971	8	23
12971	8	24
12971	8	25
12971	8	26
12971	8	27
12971	8	28
12971	8	29
12971	8	30
12971	8	31
12971	8	32
12971	8	33
12971	8	34
12971	9	1
12971	9	2
12971	9	3
12971	9	4
12971	9	5
12971	9	6
12971	9	7
12971	9	8
12971	9	9
12971	9	10
12971	9	11
12971	9	12
12971	9	13
12971	9	14
12971	9	15
12971	9	16
12971	9	17
12971	9	18
12971	9	19
12971	9	20
12971	9	21
12971	9	22
12971	9	23
12971	9	24
12971	9	25
12971	9	26
12971	9	27
12971	9	28
12971	9	29
12971	9	30
12971	9	31
12971	9	32
12971	9	33
12971	9	34
12971	9	35
12971	9	36
12971	9	37
12971	9	38
130456	8	6
131083	1	1
131083	1	2
131083	1	3
131083	1	4
131083	1	5
131083	1	6
131083	1	7
131083	1	8
131083	1	9
131083	1	10
131083	1	11
131083	1	12
131083	4	20
133938	1	1
136841	1	1
139171	4	22
155440	5	8
157345	1	171
158131	1	1
158131	1	2
158131	1	4
17149	1	1
17149	1	2
17149	1	3
17149	1	4
17149	1	5
17149	1	6
17149	1	7
17149	1	8
17149	1	9
17149	1	10
17149	1	11
17149	1	12
17149	1	13
17149	2	1
17149	2	4
17149	2	5
17149	2	6
17149	2	7
17149	2	8
17149	2	9
17149	2	10
17149	2	11
17149	2	12
17149	2	13
194831	1	6
195288	1	44
198170	1	6
19836	1	1
19836	1	2
19836	1	3
19836	1	4
19836	1	5
19836	1	6
19836	1	7
19836	1	8
19836	1	9
19836	1	10
19836	1	11
19836	1	12
19836	1	13
206629	1	26
209707	2	3
210875	7	2
21729	1	1
21729	1	2
21729	1	3
21729	1	4
21729	1	5
21729	1	6
21729	1	7
21729	1	8
21729	1	9
21729	1	10
21729	1	11
21729	1	12
21729	1	13
21729	1	14
21729	1	15
21729	1	16
21729	1	17
21729	1	18
21729	1	19
21729	1	20
21729	1	21
21729	1	22
21729	1	23
21729	1	24
21729	1	25
21729	1	26
21729	1	27
222623	9	2
222925	9	1
224753	14	9
229609	3	12
231873	1	1
231873	1	2
231873	1	3
231873	1	4
231873	1	5
231873	1	6
231873	1	7
231873	1	8
231873	1	9
231873	1	10
231873	1	11
231873	1	12
231873	2	4
233408	1	8
233523	1	5
235758	1	1
235758	1	2
235758	1	3
235758	1	4
235758	1	5
235758	1	6
235758	1	7
235758	1	8
235758	1	9
235758	1	10
235758	1	11
235758	1	12
235758	4	14
235930	1	1
235930	1	2
235930	1	3
235930	1	4
235930	1	5
235930	1	6
235930	1	7
235930	1	8
235930	2	1
235930	2	2
235930	2	3
235930	2	4
235930	2	5
235930	2	6
235930	2	7
235930	2	8
235978	1	28
241628	3	9
244617	11	13
244620	11	16
248086	11	2
2901	1	1
2901	1	2
2901	1	3
2901	1	4
2901	1	5
2901	1	6
2901	1	7
2901	1	8
2901	1	9
2901	1	10
2901	1	11
2901	1	12
2901	1	13
2901	2	1
2901	2	2
2901	2	3
2901	2	4
2901	2	5
2901	2	6
2901	2	7
2901	2	8
2901	2	9
2901	2	10
2901	2	11
2901	2	12
2901	2	13
31741	1	1
31741	1	2
31741	1	3
31741	1	4
31741	1	5
31741	1	6
34069	1	1
34069	1	2
34069	1	3
34069	1	4
34069	1	5
34069	1	6
34069	1	7
34069	1	8
34069	1	9
34069	1	10
34069	1	11
34069	1	12
34152	1	1
34152	1	2
34152	1	3
34152	1	4
34152	1	5
34152	1	6
34152	1	7
34152	1	8
34152	1	9
34152	1	10
34152	1	11
34152	1	12
34821	1	1
34821	1	2
34821	1	3
34821	1	4
34821	1	30
34821	1	31
34821	1	32
38251	1	1
38251	1	2
38251	1	3
38251	1	4
38251	1	5
38251	1	6
38251	1	7
38251	1	8
38251	1	9
38251	1	10
38251	1	11
38251	1	12
38251	1	13
38251	1	14
38251	1	15
38251	1	16
38251	1	17
38251	1	18
38251	1	19
38251	1	20
38251	1	21
38251	1	22
38251	1	23
38251	1	24
38251	1	25
38251	1	26
38251	1	27
38251	1	28
38251	1	29
38251	1	30
38251	1	31
38251	1	32
38251	1	33
38251	1	34
38251	1	35
38251	1	36
38251	1	37
38251	1	38
38251	1	39
38251	1	40
38251	1	41
38251	1	42
38251	1	43
38251	1	44
38251	1	45
38251	1	46
38251	1	47
38251	1	48
38251	1	49
38251	1	50
43865	1	1
43865	1	2
43865	1	3
43865	1	4
43865	1	5
43865	1	6
43865	1	7
43865	1	8
45615	1	1
45615	1	2
45615	1	3
45615	1	4
45615	1	5
45615	1	6
45615	1	7
45615	1	8
45615	1	9
45615	1	10
45615	1	11
45615	1	12
45615	1	13
45615	1	14
45615	1	15
45615	1	16
45615	1	17
45615	1	18
45615	1	19
45615	1	20
45615	1	21
45615	1	22
45615	1	23
45615	1	24
45615	1	25
45615	1	26
4686	1	1
4686	1	2
4686	1	3
4686	1	4
4686	1	5
4686	1	6
4686	1	7
4686	1	8
4686	1	9
4686	1	10
4686	1	11
4686	1	12
4686	1	13
4686	2	1
4686	2	2
4686	2	3
4686	2	4
4686	2	5
4686	2	6
4686	2	7
4686	2	8
4686	2	9
4686	2	10
4686	2	11
4686	2	12
4686	2	13
4686	3	1
4686	3	2
4686	3	3
4686	3	4
4686	3	5
4686	3	6
4686	3	7
4686	3	8
4686	3	9
4686	3	10
4686	3	11
4686	3	12
4686	3	13
4686	4	1
4686	4	2
4686	4	3
4686	4	4
4686	4	5
4686	4	6
4686	4	7
4686	4	8
4686	4	9
4686	4	10
4686	4	11
4686	4	12
4686	4	13
56355	1	1
56355	1	2
56355	1	3
56355	1	4
56355	1	5
56355	1	6
56355	1	7
56355	1	8
56355	1	9
56355	1	10
56355	1	11
56355	1	12
56355	1	13
56355	1	14
56355	1	15
56355	1	16
56355	1	17
56355	1	18
56355	1	19
56355	1	20
56355	1	21
56355	1	22
56355	1	23
56355	1	24
56355	1	25
56355	1	26
56355	1	27
56355	1	28
56355	1	29
56355	1	30
56355	1	31
56355	1	32
56355	1	33
56355	1	34
56355	1	35
56355	1	36
56355	1	37
56355	1	38
56355	1	39
56355	1	40
56355	1	41
56355	1	42
56355	1	43
56355	1	44
56355	1	45
56355	1	46
60625	1	1
60625	1	2
60625	1	3
60625	1	4
60625	1	5
60625	1	6
60625	1	7
60625	1	8
60625	1	9
60625	1	10
60625	1	11
60625	2	1
60625	2	2
60625	2	3
60625	2	4
60625	2	5
60625	2	6
60625	2	7
60625	2	8
60625	2	9
60625	2	10
60625	3	1
60625	3	2
60625	3	3
60625	3	4
60625	3	5
60625	3	6
60625	3	7
60625	3	8
60625	3	9
60625	3	10
60625	4	1
60625	4	2
60625	4	3
60625	4	4
60625	4	5
60625	4	6
60625	4	7
60625	4	8
60625	4	9
60625	4	10
60625	5	1
60625	5	2
60625	5	3
60625	5	4
60625	5	5
60625	5	6
60625	5	7
60625	5	8
60625	5	9
60625	5	10
60625	6	1
60625	6	2
60625	6	3
60625	6	4
60625	6	5
60625	6	6
60625	6	7
60625	6	8
60625	6	9
60625	6	10
60625	7	1
60625	7	2
60625	7	3
60625	7	4
60625	7	5
60625	7	6
60625	7	7
60625	7	8
60625	7	9
60625	7	10
60625	8	1
60625	8	2
60625	8	3
60625	8	4
60625	8	5
60625	8	6
60625	8	7
60625	8	8
60625	8	9
60625	8	10
60625	9	1
60625	9	2
60625	9	3
60625	9	4
60625	9	5
60625	9	6
60625	9	7
60625	9	8
60625	9	9
60625	9	10
61407	1	1
61407	1	2
61407	1	3
61407	1	4
61407	1	5
61407	1	6
61407	1	7
61407	1	8
61407	1	9
61407	1	10
61407	1	11
61407	1	12
61456	1	1
62565	1	1
62565	1	2
62565	1	3
62565	1	4
62565	1	5
62565	1	6
62565	1	7
62565	1	8
62565	1	9
62565	1	10
62565	1	11
62565	1	12
62565	1	13
62565	1	14
62565	1	15
62565	1	16
62565	1	17
62565	1	18
62565	1	19
62565	1	20
62565	1	21
62565	1	22
62565	1	23
62565	1	24
65053	1	1
65053	1	2
65053	1	4
65053	1	6
65053	1	7
65053	1	8
65053	1	9
65053	1	10
65053	1	11
65053	1	12
67063	1	1
67063	1	2
67063	1	3
67063	1	4
67063	1	5
67063	1	6
67063	1	7
67063	1	8
67063	1	9
67063	1	10
67063	1	11
67063	1	12
67063	2	1
67063	2	2
67063	2	3
67063	2	4
67063	2	5
67063	2	6
67063	2	7
67063	2	8
67063	2	9
67063	2	10
67063	2	11
67063	2	12
67063	2	13
67063	2	14
67063	2	15
67063	2	16
67063	2	17
67063	2	18
67063	2	19
67063	2	20
67063	2	21
67063	2	22
67063	2	23
67063	2	24
67063	3	1
67063	3	2
67063	3	3
67063	3	4
67063	3	5
67063	3	6
67063	3	7
67063	3	8
67063	4	1
67063	4	2
67063	4	3
67063	4	4
67063	4	5
67063	4	6
67063	4	7
67063	4	8
67063	4	9
67063	4	10
67063	4	11
67063	4	12
67063	5	1
67063	5	2
67063	5	3
67063	5	4
67063	5	5
67063	5	6
67063	5	7
67063	5	8
67063	5	9
67063	5	10
67063	5	11
67063	5	12
67063	6	1
67063	6	2
67063	6	3
67063	6	4
67063	6	5
67063	6	6
67063	6	7
67063	6	8
67063	6	9
67063	6	10
67063	6	11
67063	6	12
67063	6	13
67063	6	14
67063	6	15
67063	6	16
67063	6	17
67063	6	18
67063	6	19
67063	6	20
67063	6	21
67063	6	22
67063	6	23
67063	6	24
67063	6	25
67063	6	26
68129	1	1
68129	1	2
68129	1	3
68129	1	4
68129	1	5
68129	1	6
68129	1	7
68129	1	8
68129	1	9
68129	1	10
68129	1	11
68129	1	12
72026	1	1
72026	1	2
72026	1	3
72026	1	4
72026	1	5
72026	1	6
72026	1	7
72026	1	8
72026	1	9
72026	1	10
72026	1	11
72026	1	12
74414	1	1
74414	1	2
74414	1	3
74414	1	4
74414	1	5
74414	1	6
74414	1	7
74414	1	8
74414	1	9
74414	1	10
74414	1	11
74414	1	12
78483	1	1
78483	1	2
78483	1	3
78483	1	4
78483	1	5
78483	1	6
78483	1	7
78483	1	8
78483	1	9
78483	1	10
78483	1	11
78483	1	12
78483	1	13
78483	1	14
78483	1	15
78483	1	16
78483	1	17
78483	1	18
78483	1	19
78483	1	20
78483	1	21
78483	1	22
78483	1	23
78483	1	24
78483	1	25
78483	1	26
79356	1	1
79356	1	2
79356	1	3
79356	1	4
79356	1	5
79356	1	6
79356	1	7
79356	1	8
79356	1	9
79356	1	10
8872	1	1
8872	1	3
8872	1	4
8872	1	5
8872	1	6
8872	1	7
8872	1	8
8872	1	9
93818	1	1
93818	1	2
93818	1	3
93818	1	4
93818	1	5
93818	1	6
93818	1	7
93818	1	8
93818	1	9
93818	1	10
93818	1	11
93818	1	12
224285	1	1
224285	1	2
224285	1	3
224285	1	4
224285	1	5
224285	1	6
224285	1	7
224285	1	8
224285	1	9
224285	1	10
224285	1	11
224285	1	12
224285	1	13
224285	1	14
224285	1	15
224285	1	16
224285	1	17
224285	1	18
224285	1	19
224285	1	20
224285	1	21
224285	1	22
224285	1	23
224285	1	24
224285	1	25
224285	1	26
224285	1	27
86031	1	1
86031	1	2
86031	1	3
86031	1	4
86031	1	5
86031	1	6
86031	1	7
86031	1	8
86031	1	9
86031	1	10
86031	1	11
86031	1	12
86031	1	13
86031	1	14
86031	1	15
86031	1	16
86031	1	17
86031	1	18
86031	1	19
86031	1	20
86031	1	21
86031	1	22
86031	1	23
86031	1	24
86031	2	1
86031	2	2
86031	2	3
86031	2	4
86031	2	5
86031	2	6
86031	2	7
86031	2	8
86031	2	9
86031	2	10
86031	2	11
86031	3	1
86031	3	2
86031	3	3
86031	3	4
86031	3	5
86031	3	6
86031	3	7
86031	3	8
86031	3	9
86031	3	10
86031	3	11
86031	3	12
86031	3	13
86031	3	14
86031	3	15
86031	3	16
86031	3	17
86031	3	18
86031	3	19
86031	3	20
86031	3	21
86031	3	22
86031	4	1
86031	4	2
86031	4	3
86031	4	4
86031	4	5
86031	4	6
86031	4	7
86031	4	8
86031	4	9
86031	4	10
86031	4	11
86031	4	12
86031	4	13
86031	4	14
86031	4	15
86031	4	16
86031	4	17
86031	4	18
86031	4	19
86031	4	20
86031	4	21
86031	4	22
86031	4	23
86031	4	24
86031	4	25
86031	4	26
86031	4	27
86031	4	28
86031	4	29
86031	4	30
86031	4	31
86031	4	32
86031	4	33
86031	4	34
86031	4	35
86031	4	36
86031	4	37
105556	1	1
105556	1	2
105556	1	3
105556	1	4
105556	1	5
105556	1	6
105556	1	7
105556	1	8
105556	1	9
105556	1	10
105556	1	11
105556	1	12
105556	2	1
105556	2	2
105556	2	3
105556	2	4
105556	2	5
105556	2	6
105556	2	7
105556	2	8
105556	2	9
105556	2	10
105556	2	11
105556	2	12
30669	1	1
30669	1	2
30669	1	3
30669	1	4
30669	1	5
214087	1	1
214087	1	2
214087	1	3
214087	1	4
214087	1	5
214087	1	6
214087	1	7
214087	1	8
214087	1	9
214087	1	10
214087	1	11
214087	1	12
214087	1	13
218510	1	1
218510	1	2
218510	1	3
218510	1	4
218510	1	5
218510	1	6
218510	1	7
218510	1	8
228878	1	1
228878	1	2
228878	1	3
228878	1	4
228878	1	5
228878	1	6
228878	1	7
228878	1	8
228878	1	9
228878	1	10
96885	1	1
96885	1	2
96885	1	3
96885	1	4
96885	1	5
96885	1	6
96885	1	7
96885	1	8
96885	1	9
96885	1	10
96885	1	11
96885	1	12
96885	1	13
96885	1	14
96885	1	15
96885	1	16
96885	1	17
96885	1	18
96885	1	19
96885	1	20
96885	1	21
96885	1	22
96885	1	23
96885	1	24
96885	1	25
96885	1	26
96885	1	27
96885	1	28
96885	1	29
96885	1	30
96885	1	31
96885	1	32
96885	1	33
96885	1	34
96885	1	35
96885	1	36
96885	1	37
96885	1	38
96885	1	39
96885	1	40
96885	1	41
96885	1	42
96885	1	43
96885	1	44
96885	1	45
96885	1	46
96885	1	47
96885	1	48
96885	1	49
96885	1	50
96885	1	51
96885	1	52
138517	1	1
138517	1	2
138517	1	3
138517	1	4
138517	1	5
138517	1	6
138517	1	7
138517	1	8
138517	1	9
138517	1	10
138517	1	11
138517	1	12
138517	1	13
138517	1	14
138517	1	15
138517	1	16
138517	1	17
138517	1	18
138517	1	19
138517	1	20
138517	1	21
138517	1	22
138517	1	23
138517	1	24
138517	1	25
138517	1	26
138517	1	27
138517	1	28
138517	1	29
138517	1	30
138517	1	31
138517	1	32
138517	1	33
138517	1	34
138517	1	35
138517	1	36
138517	1	37
138517	1	38
138517	1	39
138517	1	40
138517	1	41
138517	1	42
138517	1	43
138517	1	44
138517	1	45
138517	1	46
138517	1	47
138517	1	48
138517	1	49
138517	1	50
138517	1	51
120161	1	1
120161	1	2
120161	1	3
120161	1	4
120161	1	5
120161	1	6
120161	1	7
120161	1	8
120161	1	9
120161	1	10
120161	1	11
120161	1	12
120161	1	13
120161	1	14
120161	1	15
120161	1	16
120161	1	17
120161	1	18
120161	1	19
120161	1	20
120161	1	21
120161	1	22
120161	1	23
120161	1	24
120161	1	25
120161	1	26
120161	2	1
120161	2	2
120161	2	3
120161	2	4
120161	2	5
120161	2	6
120161	2	7
120161	2	8
120161	2	9
120161	2	10
120161	2	11
120161	2	12
120161	2	13
120161	2	14
120161	2	15
120161	2	16
120161	2	17
120161	2	18
120161	2	19
120161	2	20
120161	2	21
120161	2	22
120161	2	23
120161	2	24
120161	2	25
120161	2	26
231821	1	1
231821	1	2
231821	1	3
231821	1	4
231821	1	5
231821	1	6
231821	1	7
231821	1	8
217328	1	1
217328	1	2
217328	1	3
217328	1	4
217328	1	5
217328	1	6
217328	1	7
217328	1	8
217328	1	9
217328	1	10
217328	1	11
217328	1	12
217328	1	13
217328	1	14
217328	1	15
217328	1	16
217328	1	17
217328	1	18
217328	1	19
217328	1	20
217328	1	21
217328	1	22
217328	1	23
217328	1	24
217328	1	25
217328	1	26
217328	1	27
217328	1	28
217328	1	29
217328	1	30
217328	1	31
217328	1	32
217328	1	33
217328	1	34
217328	1	35
217328	1	36
217328	1	37
217328	1	38
217328	1	39
217328	1	40
217328	1	41
217328	1	42
217328	1	43
217328	1	44
217328	1	45
217328	1	46
217328	1	47
217328	1	48
217328	1	49
217328	1	50
217328	1	51
217328	1	52
208564	1	11
138503	1	1
138503	1	2
138503	1	3
138503	1	4
138503	1	5
138503	1	6
138503	1	7
138503	1	8
138503	1	9
138503	1	10
110181	1	123
94523	1	1
94523	1	2
94523	1	3
94523	1	4
94523	1	5
94523	1	6
94523	1	7
94523	1	8
94523	1	9
94523	1	10
94523	1	11
94523	1	12
94523	1	13
94523	2	1
94523	2	2
94523	2	3
94523	2	4
94523	2	5
94523	2	6
94523	2	7
94523	2	8
94523	3	1
94523	3	2
94523	3	3
94523	3	4
117880	1	107
102088	1	2
123249	1	1
123249	1	2
123249	1	3
123249	1	4
123249	1	5
123249	1	6
123249	1	7
123249	1	8
123249	1	9
123249	1	10
123249	1	11
123249	1	12
123249	1	13
123249	1	14
123249	1	15
123249	1	16
123249	1	17
123249	1	18
123249	1	19
123249	1	20
123249	1	21
123249	1	22
123249	1	23
123249	1	24
123249	2	1
123249	2	2
123249	2	3
123249	2	4
123249	2	5
123249	2	6
123249	2	7
123249	2	8
123249	2	9
123249	2	10
123249	2	11
123249	2	12
114198	1	10
111576	1	1
111576	1	2
111576	1	3
111576	1	4
111576	1	5
111576	1	6
111576	1	7
111576	1	8
111576	1	9
111576	1	10
111576	1	11
111576	1	12
111576	1	13
111576	2	1
111576	2	2
111576	2	3
111576	2	4
111576	2	5
111576	2	6
111576	2	7
111576	2	8
111576	2	9
111576	2	10
111576	2	11
111576	2	12
105476	1	5
114892	1	4
100567	8	14
61374	1	1
61374	1	2
61374	1	3
61374	1	4
61374	1	5
61374	1	6
61374	1	7
61374	1	8
61374	1	9
61374	1	10
61374	1	11
61374	1	12
61374	2	1
61374	2	2
61374	2	3
61374	2	4
61374	2	5
61374	2	6
61374	2	7
61374	2	8
61374	2	9
61374	2	10
61374	2	11
61374	2	12
61374	3	1
61374	3	2
61374	3	3
61374	3	4
61374	3	5
61374	3	6
61374	3	7
61374	3	8
61374	3	9
61374	3	10
61374	3	11
61374	3	12
61374	4	1
61374	4	2
61374	4	3
61374	4	4
61374	4	5
61374	4	6
61374	4	7
61374	4	8
61374	4	9
61374	4	10
61374	4	11
61374	4	12
64196	1	1
64196	1	2
64196	1	3
64196	1	4
64196	1	5
64196	1	6
64196	1	7
64196	1	8
64196	1	9
64196	1	10
64196	1	11
64196	1	12
64196	1	13
64196	2	1
64196	2	2
64196	2	3
64196	2	4
64196	2	5
64196	2	6
64196	2	7
64196	2	8
64196	2	9
64196	2	10
64196	2	11
64196	2	12
64196	2	13
64196	3	1
64196	3	2
64196	3	3
64196	3	4
64196	3	5
64196	3	6
64196	3	7
64196	3	8
64196	3	9
64196	3	10
64196	3	11
64196	3	12
64196	3	13
64196	4	1
64196	4	2
64196	4	3
64196	4	4
64196	4	5
64196	4	6
64196	4	7
64196	4	8
64196	4	9
64196	4	10
64196	4	11
64196	4	12
64196	4	13
10425	1	1
10425	1	2
10425	1	3
10425	1	4
10425	1	5
10425	1	6
10425	1	7
10425	1	8
10425	1	9
10425	1	10
10425	1	11
10400	1	1
10400	1	2
10400	1	3
10400	1	4
10400	1	5
10400	1	6
10400	2	1
10400	2	2
10400	2	3
10400	2	4
10400	2	5
10400	2	6
10400	2	7
10400	2	8
10400	2	9
10400	2	10
10400	2	11
10400	2	12
10400	2	13
10400	2	14
10400	2	15
10400	2	16
10400	2	17
10400	2	18
10400	2	19
10400	2	20
10400	3	1
10400	3	2
10400	3	3
10400	3	4
10400	3	5
10400	3	6
10400	3	7
10400	3	8
10400	3	9
10400	3	10
10400	3	11
10400	3	12
10400	3	13
10400	3	14
10400	3	15
10400	3	16
10400	3	17
10400	3	18
10400	3	19
10400	3	20
10400	3	21
10400	3	22
10400	3	23
10400	3	24
10400	3	25
10400	3	26
10400	4	1
10400	4	2
10400	4	3
10400	4	4
10400	4	5
10400	4	6
10400	4	7
10400	4	8
10400	4	9
10400	4	10
10400	4	11
10400	4	12
10400	4	13
10400	4	14
10400	4	15
10400	4	16
10400	4	17
10400	4	18
10400	4	19
10400	4	20
10400	4	21
10400	4	22
10400	4	23
10400	4	24
10400	4	25
10400	4	26
1429	1	1
1429	1	2
1429	1	3
1429	1	4
1429	1	5
1429	1	6
1429	1	7
1429	1	8
1429	1	9
1429	1	10
1429	1	11
1429	1	12
1429	1	13
1429	1	14
1429	1	15
1429	1	16
1429	1	17
1429	1	18
1429	1	19
1429	1	20
1429	1	21
1429	1	22
1429	1	23
1429	1	24
1429	1	25
1429	2	1
1429	2	2
1429	2	3
1429	2	4
1429	2	5
1429	2	6
1429	2	7
1429	2	8
1429	2	9
1429	2	10
1429	2	11
1429	2	12
1429	3	1
1429	3	2
1429	3	3
1429	3	4
1429	3	5
1429	3	6
1429	3	7
1429	3	8
1429	3	9
1429	3	10
1429	3	11
1429	3	12
1429	3	13
1429	3	14
1429	3	15
1429	3	16
1429	3	17
1429	3	18
1429	3	19
1429	3	20
1429	3	21
1429	3	22
1429	4	1
1429	4	2
1429	4	3
1429	4	4
1429	4	5
1429	4	6
1429	4	7
1429	4	8
1429	4	9
1429	4	10
1429	4	11
1429	4	12
1429	4	13
1429	4	14
1429	4	15
1429	4	16
1429	4	17
1429	4	18
1429	4	19
1429	4	20
1429	4	21
1429	4	22
1429	4	23
1429	4	24
1429	4	25
1429	4	26
1429	4	27
1429	4	28
1429	4	29
1429	4	30
282662	1	1
282662	1	2
282662	1	3
282662	1	4
282662	1	5
282662	1	6
282662	1	7
282662	1	8
282662	1	9
282662	1	10
282662	1	11
282662	1	12
216760	1	3
37851	1	1
37851	1	2
37851	1	3
37851	1	4
37851	1	5
37851	1	6
37851	1	7
37851	1	8
37851	1	9
37851	1	10
37851	1	11
37851	1	12
37851	1	13
37851	1	14
37851	1	15
37851	1	16
37851	1	17
37851	1	18
37851	1	19
37851	1	20
37851	1	21
37851	1	22
37851	1	23
37851	1	24
37851	1	25
37851	1	26
37851	1	27
37851	1	28
37851	1	29
37851	2	1
37851	2	2
37851	2	3
37851	2	4
37851	2	5
37851	2	6
37851	2	7
37851	2	8
37851	2	9
37851	2	10
37851	2	11
37851	2	12
37851	2	13
37851	2	14
37851	2	15
37851	2	16
37851	2	17
37851	2	18
37851	2	19
37851	2	20
37851	2	21
37851	2	22
37851	2	23
37851	2	24
42421	1	1
42421	1	2
42421	1	3
42421	1	4
42421	1	5
42421	1	6
42421	1	7
42421	1	8
42421	1	9
42421	1	10
42421	1	11
42421	1	12
42421	1	13
60826	1	1
60826	1	2
60826	1	3
74091	1	1
74091	1	2
74091	1	3
74091	1	4
74091	1	5
74091	1	6
74091	1	7
74091	1	8
74091	1	9
74091	1	10
74091	1	11
74091	1	12
74091	1	13
74091	1	14
74091	1	15
74091	1	16
74091	1	17
74091	1	18
74091	1	19
74091	1	20
74091	1	21
74091	1	22
74091	1	23
74091	1	24
74091	1	25
74091	1	26
74091	1	27
74091	1	28
74091	1	29
74091	1	30
74091	1	31
74091	1	32
74091	1	33
74091	1	34
74091	1	35
74091	1	36
74091	1	37
74091	1	38
74091	2	1
74091	2	2
74091	2	3
74091	2	4
74091	2	5
74091	2	6
74091	2	7
74091	2	8
74091	2	9
74091	2	10
74091	2	11
74091	2	12
74091	2	13
74091	2	14
74091	2	15
74091	2	16
74091	2	17
74091	2	18
74091	2	19
74091	2	20
74091	2	21
74091	2	22
74091	2	23
74091	2	24
74091	2	25
74091	2	26
74091	2	27
74091	2	28
74091	2	29
74091	2	30
74091	2	31
74091	2	32
74091	2	33
74091	2	34
74091	2	35
74091	2	36
74091	2	37
74091	2	38
74091	2	39
74091	3	1
74091	3	2
74091	3	3
74091	3	4
74091	3	5
74091	3	6
74091	3	7
74091	3	8
74091	3	9
74091	3	10
74091	3	11
74091	3	12
74091	3	13
74091	3	14
74091	3	15
74091	3	16
74091	3	17
74091	3	18
74091	3	19
74091	3	20
74091	3	21
74091	3	22
74091	3	23
74091	3	24
74091	3	25
74091	3	26
74091	4	1
74091	4	2
74091	4	3
74091	4	4
74091	4	5
74091	4	6
74091	4	7
74091	4	8
74091	4	9
74091	4	10
74091	4	11
74091	4	12
74091	4	13
74091	4	14
74091	4	15
74091	4	16
74091	4	17
74091	4	18
74091	4	19
74091	4	20
74091	4	21
74091	4	22
74091	4	23
74091	4	24
74091	4	25
74091	4	26
74091	5	1
74091	5	2
74091	5	3
74091	5	4
74091	5	5
74091	5	6
74091	5	7
74091	5	8
74091	5	9
74091	5	10
74091	5	11
74091	5	12
74091	5	13
74091	6	1
74091	6	2
74091	6	3
74091	6	4
74091	6	5
74091	6	6
74091	6	7
74091	6	8
74091	6	9
74091	6	10
74091	6	11
74091	6	12
74091	6	13
82895	1	1
82895	1	2
82895	1	3
82895	1	4
82895	1	5
82895	1	6
82895	1	7
82895	1	8
82895	1	9
82895	1	10
